[{
  "_id": {
    "$oid": "6101602b970082f592719865"
  },
  "status": "New",
  "comment": "User: Admin, Code:Co_20, Status:New",
  "timestamp": {
    "$date": "2021-07-28T00:00:00Z"
  },
  "items_id": {
    "$oid": "60d41ae8ddc3ec53204c81da"
  },
  "users_id": {
    "$oid": "6101449a970082f59271985d"
  }
},{
  "_id": {
    "$oid": "610160cc970082f592719866"
  },
  "status": "Pending",
  "comment": "User: Manager, Code:SL_20_15, Status:Pending",
  "timestamp": {
    "$date": "2021-07-28T10:11:18.965Z"
  },
  "items_id": {
    "$oid": "60e46796a755712d2eb697f4"
  },
  "users_id": {
    "$oid": "610146ce970082f592719863"
  }
},{
  "_id": {
    "$oid": "610160f8970082f592719867"
  },
  "status": "Close",
  "comment": "User: Public, Code:Ac_05_00_80, Status:Close",
  "timestamp": {
    "$date": "2021-07-28T11:50:17.865Z"
  },
  "items_id": {
    "$oid": "60e483887e8261d4024240c3"
  },
  "users_id": {
    "$oid": "61014705970082f592719864"
  }
},{
  "_id": {
    "$oid": "612e6f2375c7b83694405fe2"
  },
  "items_id": {
    "$oid": "60d41ae8ddc3ec53204c81da"
  },
  "name": "Teste",
  "comment": "texto de teste",
  "status": "New",
  "__v": 0,
  "users_id": {
    "$oid": "6101449a970082f59271985d"
  }
},{
  "_id": {
    "$oid": "612e718075c7b83694405ffc"
  },
  "items_id": {
    "$oid": "60d41ae8ddc3ec53204c81da"
  },
  "name": "Teste1",
  "comment": "texto de teste",
  "status": "New",
  "__v": 0,
  "users_id": {
    "$oid": "6101449a970082f59271985d"
  }
},{
  "_id": {
    "$oid": "612f4ed2b2a1f76a10c1feb5"
  },
  "users_id": {
    "$oid": "61014705970082f592719864"
  },
  "items_id": {
    "$oid": "60d41ae8ddc3ec53204c81da"
  },
  "name": "Teste10",
  "institution": "gret",
  "comment": "texto de teste",
  "status": "New",
  "timestamp": {
    "$date": "2021-09-01T09:58:42.818Z"
  },
  "__v": 0
},{
  "_id": {
    "$oid": "6130eb1585ae44523859462f"
  },
  "users_id": {
    "$oid": "61014705970082f592719864"
  },
  "items_id": {
    "$oid": "60d41ae8ddc3ec53204c81da"
  },
  "name": "Teste10",
  "institution": "gret",
  "comment": "texto de teste",
  "status": "New",
  "timestamp": {
    "$date": "2021-09-02T15:17:41.837Z"
  },
  "__v": 0
},{
  "_id": {
    "$oid": "6135ebcdfe43e33d54620923"
  },
  "users_id": {
    "$oid": "61014705970082f592719864"
  },
  "items_id": {
    "$oid": "60d41ae8ddc3ec53204c81da"
  },
  "name": "MW",
  "institution": "ISTAR",
  "comment": "Code:Co_20, Status:New",
  "status": "New",
  "timestamp": {
    "$date": "2021-09-06T10:22:05.529Z"
  },
  "__v": 0
}]