﻿idItem,Autor,Data_traducao,Versao_Uniclass,versao_secclas,code_tabela,tabela_id,nivel_item,Group,Subgroup,Section,Object,code_item,title_item,titulo_SECClasS,review,descricao_SECClasS,especialidade,keywords
33000,SECClasS,2021-06-25T00:00:00.000+00:00,1,1,CAD,,1,10,,,,Zz_10,Title sheet,Folha de rosto,false,,Desenho CAD,
33001,SECClasS,2021-06-25T00:00:00.000+00:00,1,1,CAD,,2,10,20,,,Zz_10_20,Drawing frame,Moldura de Desenho,false,,Desenho CAD,
33002,SECClasS,2021-06-25T00:00:00.000+00:00,1,1,CAD,,3,10,20,45,,Zz_10_20_45,Logo,Logotipo,false,,Desenho CAD,
33003,SECClasS,2021-06-25T00:00:00.000+00:00,1,1,CAD,,3,10,20,95,,Zz_10_20_95,Viewports,Janelas de visualização,false,,Desenho CAD,
33004,SECClasS,2021-06-25T00:00:00.000+00:00,1,1,CAD,,2,10,40,,,Zz_10_40,Hold clouds and notation,Nuvens e notas,false,,Desenho CAD,
33005,SECClasS,2021-06-25T00:00:00.000+00:00,1,1,CAD,,2,10,70,,,Zz_10_70,Revisions,Revisões,false,,Desenho CAD,
33006,SECClasS,2021-06-25T00:00:00.000+00:00,1,1,CAD,,3,10,70,5,,Zz_10_70_05,Annotation,Anotação,false,,Desenho CAD,
33007,SECClasS,2021-06-25T00:00:00.000+00:00,1,1,CAD,,3,10,70,10,,Zz_10_70_10,Blocks and cells,Blocos e células,false,,Desenho CAD,
33008,SECClasS,2021-06-25T00:00:00.000+00:00,1,1,CAD,,3,10,70,20,,Zz_10_70_20,Clouds and notations,Nuvens de revisão,false,,Desenho CAD,
33009,SECClasS,2021-06-25T00:00:00.000+00:00,1,1,CAD,,2,10,80,,,Zz_10_80,Status stamps,Marcas de estado,false,,Desenho CAD,
33010,SECClasS,2021-06-25T00:00:00.000+00:00,1,1,CAD,,1,20,,,,Zz_20,Textual content,Conteúdo textual,false,,Desenho CAD,
33011,SECClasS,2021-06-25T00:00:00.000+00:00,1,1,CAD,,2,20,10,,,Zz_20_10,Annotation,Anotação,false,,Desenho CAD,
33012,SECClasS,2021-06-25T00:00:00.000+00:00,1,1,CAD,,3,20,10,40,,Zz_20_10_40,Keynotes,Notas chave,false,,Desenho CAD,
33013,SECClasS,2021-06-25T00:00:00.000+00:00,1,1,CAD,,3,20,10,45,,Zz_20_10_45,Labels,Etiquetas,false,,Desenho CAD,
33014,SECClasS,2021-06-25T00:00:00.000+00:00,1,1,CAD,,3,20,10,50,,Zz_20_10_50,Leaders,Linhas de chamada,false,,Desenho CAD,
33015,SECClasS,2021-06-25T00:00:00.000+00:00,1,1,CAD,,3,20,10,55,,Zz_20_10_55,Notes,Notas,false,,Desenho CAD,
33016,SECClasS,2021-06-25T00:00:00.000+00:00,1,1,CAD,,3,20,10,70,,Zz_20_10_70,Reference,Referência,false,,Desenho CAD,
33017,SECClasS,2021-06-25T00:00:00.000+00:00,1,1,CAD,,3,20,10,85,,Zz_20_10_85,Tags,Identificadores,false,,Desenho CAD,
33018,SECClasS,2021-06-25T00:00:00.000+00:00,1,1,CAD,,3,20,10,90,,Zz_20_10_90,Text,Texto,false,,Desenho CAD,
33019,SECClasS,2021-06-25T00:00:00.000+00:00,1,1,CAD,,2,20,20,,,Zz_20_20,Dimensions,Dimensões,false,,Desenho CAD,
33020,SECClasS,2021-06-25T00:00:00.000+00:00,1,1,CAD,,2,20,30,,,Zz_20_30,General masking,Máscaras gerais,false,,Desenho CAD,
33021,SECClasS,2021-06-25T00:00:00.000+00:00,1,1,CAD,,3,20,30,50,,Zz_20_30_50,Masks,Máscaras,false,,Desenho CAD,
33022,SECClasS,2021-06-25T00:00:00.000+00:00,1,1,CAD,,3,20,30,95,,Zz_20_30_95,Wipeouts,Máscaras de cobertura,false,,Desenho CAD,
33023,SECClasS,2021-06-25T00:00:00.000+00:00,1,1,CAD,,2,20,40,,,Zz_20_40,Hatching,Preenchimento,false,,Desenho CAD,
33024,SECClasS,2021-06-25T00:00:00.000+00:00,1,1,CAD,,3,20,40,5,,Zz_20_40_05,Area fill,Preenchimento de área,false,,Desenho CAD,
33025,SECClasS,2021-06-25T00:00:00.000+00:00,1,1,CAD,,3,20,40,35,,Zz_20_40_35,Hatch boundaries,Limites de preenchimento,false,,Desenho CAD,
33026,SECClasS,2021-06-25T00:00:00.000+00:00,1,1,CAD,,3,20,40,60,,Zz_20_40_60,Pattern,Padrão,false,,Desenho CAD,
33027,SECClasS,2021-06-25T00:00:00.000+00:00,1,1,CAD,,3,20,40,80,,Zz_20_40_80,Solid fill,Preenchimento sólido,false,,Desenho CAD,
33028,SECClasS,2021-06-25T00:00:00.000+00:00,1,1,CAD,,2,20,70,,,Zz_20_70,Redlining,Linhas vermelhas,false,,Desenho CAD,
33029,SECClasS,2021-06-25T00:00:00.000+00:00,1,1,CAD,,3,20,70,20,,Zz_20_70_20,Comments,Comentários,false,,Desenho CAD,
33030,SECClasS,2021-06-25T00:00:00.000+00:00,1,1,CAD,,2,20,80,,,Zz_20_80,Symbols,Símbolos,false,,Desenho CAD,
33031,SECClasS,2021-06-25T00:00:00.000+00:00,1,1,CAD,,3,20,80,10,,Zz_20_80_10,Barscales,Escala gráfica,false,,Desenho CAD,
33032,SECClasS,2021-06-25T00:00:00.000+00:00,1,1,CAD,,3,20,80,15,,Zz_20_80_15,Cross references,Referências cruzadas,false,,Desenho CAD,
33033,SECClasS,2021-06-25T00:00:00.000+00:00,1,1,CAD,,3,20,80,40,,Zz_20_80_40,Key plan,Planta esquemática,false,,Desenho CAD,
33034,SECClasS,2021-06-25T00:00:00.000+00:00,1,1,CAD,,3,20,80,50,,Zz_20_80_50,Legends,Legendas,false,,Desenho CAD,
33035,SECClasS,2021-06-25T00:00:00.000+00:00,1,1,CAD,,3,20,80,55,,Zz_20_80_55,North point,Indicador de norte,false,,Desenho CAD,
33036,SECClasS,2021-06-25T00:00:00.000+00:00,1,1,CAD,,2,20,90,,,Zz_20_90,Title annotation,Anotação de título,false,,Desenho CAD,
33037,SECClasS,2021-06-25T00:00:00.000+00:00,1,1,CAD,,1,30,,,,Zz_30,Insertions,Inserções,false,,Desenho CAD,
33038,SECClasS,2021-06-25T00:00:00.000+00:00,1,1,CAD,,2,30,20,,,Zz_30_20,Blocks and cells,Blocos e células,false,,Desenho CAD,
33039,SECClasS,2021-06-25T00:00:00.000+00:00,1,1,CAD,,2,30,30,,,Zz_30_30,External references,Referências externas,false,,Desenho CAD,
33040,SECClasS,2021-06-25T00:00:00.000+00:00,1,1,CAD,,2,30,40,,,Zz_30_40,Images,Imagens,false,,Desenho CAD,
33041,SECClasS,2021-06-25T00:00:00.000+00:00,1,1,CAD,,2,30,60,,,Zz_30_60,Objects,Objetos,false,,Desenho CAD,
33042,SECClasS,2021-06-25T00:00:00.000+00:00,1,1,CAD,,2,30,90,,,Zz_30_90,Tables and schedules,Tabelas e listas,false,,Desenho CAD,
33043,SECClasS,2021-06-25T00:00:00.000+00:00,1,1,CAD,,1,35,,,,Zz_35,Setting out,Planta de localização,false,,Desenho CAD,
33044,SECClasS,2021-06-25T00:00:00.000+00:00,1,1,CAD,,2,35,10,,,Zz_35_10,Alignments and super elevations,Alinhamentos e superelevações,false,,Desenho CAD,
33045,SECClasS,2021-06-25T00:00:00.000+00:00,1,1,CAD,,3,35,10,40,,Zz_35_10_40,Horizontal alignment,Alinhamento horizontal,false,,Desenho CAD,
33046,SECClasS,2021-06-25T00:00:00.000+00:00,1,1,CAD,,3,35,10,80,,Zz_35_10_80,Super elevation,Sobreelevação,false,,Desenho CAD,
33047,SECClasS,2021-06-25T00:00:00.000+00:00,1,1,CAD,,3,35,10,90,,Zz_35_10_90,Vertical alignment,Alinhamento vertical,false,,Desenho CAD,
33048,SECClasS,2021-06-25T00:00:00.000+00:00,1,1,CAD,,2,35,20,,,Zz_35_20,Centrelines,Linhas centrais,false,,Desenho CAD,
33049,SECClasS,2021-06-25T00:00:00.000+00:00,1,1,CAD,,2,35,30,,,Zz_35_30,Geospatial control points,Pontos de controlo geoespacial,false,,Desenho CAD,
33050,SECClasS,2021-06-25T00:00:00.000+00:00,1,1,CAD,,2,35,40,,,Zz_35_40,Gridlines,Linhas de grelha,false,,Desenho CAD,
33051,SECClasS,2021-06-25T00:00:00.000+00:00,1,1,CAD,,3,35,40,20,,Zz_35_40_20,Ceiling grid,Grelha de teto,false,,Desenho CAD,
33052,SECClasS,2021-06-25T00:00:00.000+00:00,1,1,CAD,,3,35,40,80,,Zz_35_40_80,Structural grid,Grelha estrutural,false,,Desenho CAD,
33053,SECClasS,2021-06-25T00:00:00.000+00:00,1,1,CAD,,2,35,60,,,Zz_35_60,Points,Pontos,false,,Desenho CAD,
33054,SECClasS,2021-06-25T00:00:00.000+00:00,1,1,CAD,,2,35,80,,,Zz_35_80,Survey control points,Pontos de controlo de levantamento,false,,Topografia,
33055,SECClasS,2021-06-25T00:00:00.000+00:00,1,1,CAD,,3,35,80,55,,Zz_35_80_55,OS bench mark,Levantamento altimétrico,false,,Topografia,
33056,SECClasS,2021-06-25T00:00:00.000+00:00,1,1,CAD,,3,35,80,60,,Zz_35_80_60,OS trigonometrical station,Estação de triangulação,false,,Topografia,
33057,SECClasS,2021-06-25T00:00:00.000+00:00,1,1,CAD,,3,35,80,80,,Zz_35_80_80,Site bench mark,Site bench mark (?),true,Para revisão.,Topografia,
33058,SECClasS,2021-06-25T00:00:00.000+00:00,1,1,CAD,,3,35,80,85,,Zz_35_80_85,Site survey control station,Site survey control station (?),true,Para revisão.,Topografia,
33059,SECClasS,2021-06-25T00:00:00.000+00:00,1,1,CAD,,3,35,80,90,,Zz_35_80_90,Temporary bench mark,Temporary bench mark (?),true,Para revisão.,Topografia,
33060,SECClasS,2021-06-25T00:00:00.000+00:00,1,1,CAD,,1,40,,,,Zz_40,Topography,Topografia,false,,Topografia,
33061,SECClasS,2021-06-25T00:00:00.000+00:00,1,1,CAD,,2,40,15,,,Zz_40_15,Contours,Curvas de nível,false,,Topografia,
33062,SECClasS,2021-06-25T00:00:00.000+00:00,1,1,CAD,,3,40,15,50,,Zz_40_15_50,Major contours,Curvas de nivel principais,false,,Topografia,
33063,SECClasS,2021-06-25T00:00:00.000+00:00,1,1,CAD,,3,40,15,55,,Zz_40_15_55,Minor contours,Curvas de nivel secundárias,false,,Topografia,
33064,SECClasS,2021-06-25T00:00:00.000+00:00,1,1,CAD,,2,40,20,,,Zz_40_20,Cuttings and embankment indicators,Indicadores de corte e aterro (?),false,,Topografia,
33065,SECClasS,2021-06-25T00:00:00.000+00:00,1,1,CAD,,2,40,50,,,Zz_40_50,Level indicators,Indicadores de nível,false,,Topografia,
33066,SECClasS,2021-06-25T00:00:00.000+00:00,1,1,CAD,,1,50,,,,Zz_50,Zones and boundaries,Zonas e limites,false,,Topografia,
33067,SECClasS,2021-06-25T00:00:00.000+00:00,1,1,CAD,,2,50,10,,,Zz_50_10,Boundaries,Limites,false,,Topografia,
33068,SECClasS,2021-06-25T00:00:00.000+00:00,1,1,CAD,,3,50,10,10,,Zz_50_10_10,Blue line boundary (BS 8541-2),Limite da linha azul (BS 8541-2),false,,Topografia,
33069,SECClasS,2021-06-25T00:00:00.000+00:00,1,1,CAD,,3,50,10,70,,Zz_50_10_70,Red line boundary (BS 8541-2),Limite da linha vermelha (BS 8541-2),false,,Topografia,
33070,SECClasS,2021-06-25T00:00:00.000+00:00,1,1,CAD,,2,50,50,,,Zz_50_50,Lots,Lotes,false,,Topografia,
33071,SECClasS,2021-06-25T00:00:00.000+00:00,1,1,CAD,,2,50,60,,,Zz_50_60,Parcels,Parcelas (?),true,Para revisão.,Topografia,
33072,SECClasS,2021-06-25T00:00:00.000+00:00,1,1,CAD,,2,50,90,,,Zz_50_90,Volumes,Volumes,false,,Topografia,
33073,SECClasS,2021-06-25T00:00:00.000+00:00,1,1,CAD,,2,50,95,,,Zz_50_95,Zones,Zonas,false,,Topografia,
33074,SECClasS,2021-06-25T00:00:00.000+00:00,1,1,CAD,,1,60,,,,Zz_60,Drawing symbols,Símbolos de desenho,false,,Desenho CAD,
33075,SECClasS,2021-06-25T00:00:00.000+00:00,1,1,CAD,,2,60,20,,,Zz_60_20,Detail call ups,Chamadas de detalhes,false,,Desenho CAD,
33076,SECClasS,2021-06-25T00:00:00.000+00:00,1,1,CAD,,2,60,30,,,Zz_60_30,Fall indicators,Indicadores de queda,false,,Desenho CAD,
33077,SECClasS,2021-06-25T00:00:00.000+00:00,1,1,CAD,,2,60,40,,,Zz_60_40,Joint lines,Linhas de junção,false,,Desenho CAD,
33078,SECClasS,2021-06-25T00:00:00.000+00:00,1,1,CAD,,3,60,40,15,,Zz_60_40_15,Construction joints,Juntas de construção,false,,Desenho CAD,
33079,SECClasS,2021-06-25T00:00:00.000+00:00,1,1,CAD,,3,60,40,20,,Zz_60_40_20,Contraction joints,Juntas de contração,false,,Desenho CAD,
33080,SECClasS,2021-06-25T00:00:00.000+00:00,1,1,CAD,,3,60,40,30,,Zz_60_40_30,Expansion joints,Juntas de expansão,false,,Desenho CAD,
33081,SECClasS,2021-06-25T00:00:00.000+00:00,1,1,CAD,,2,60,45,,,Zz_60_45,Levels,Níveis,false,,Desenho CAD,
33082,SECClasS,2021-06-25T00:00:00.000+00:00,1,1,CAD,,3,60,45,20,,Zz_60_45_20,Datum,Datum,false,,Desenho CAD,
33083,SECClasS,2021-06-25T00:00:00.000+00:00,1,1,CAD,,3,60,45,60,,Zz_60_45_60,Original ground level,Nível original do terreno,false,,Desenho CAD,
33084,SECClasS,2021-06-25T00:00:00.000+00:00,1,1,CAD,,3,60,45,70,,Zz_60_45_70,Regrade ground level,Nível final do terreno,false,,Desenho CAD,
33085,SECClasS,2021-06-25T00:00:00.000+00:00,1,1,CAD,,2,60,50,,,Zz_60_50,Markers,Marcadores,false,,Desenho CAD,
33086,SECClasS,2021-06-25T00:00:00.000+00:00,1,1,CAD,,3,60,50,10,,Zz_60_50_10,Break marks,Marcas de quebra,false,,Desenho CAD,
33087,SECClasS,2021-06-25T00:00:00.000+00:00,1,1,CAD,,3,60,50,20,,Zz_60_50_20,Callout marks,Marcas de destaque,false,,Desenho CAD,
33088,SECClasS,2021-06-25T00:00:00.000+00:00,1,1,CAD,,3,60,50,30,,Zz_60_50_30,Elevation marks,Marcas de elevação,false,,Desenho CAD,
33089,SECClasS,2021-06-25T00:00:00.000+00:00,1,1,CAD,,3,60,50,60,,Zz_60_50_60,Plan,Plano,false,,Desenho CAD,
33090,SECClasS,2021-06-25T00:00:00.000+00:00,1,1,CAD,,3,60,50,80,,Zz_60_50_80,Section marks,Marcas de seção,false,,Desenho CAD,
33091,SECClasS,2021-06-25T00:00:00.000+00:00,1,1,CAD,,3,60,50,85,,Zz_60_50_85,Span direction markers,Marcadores de direção de vão,false,,Desenho CAD,
33092,SECClasS,2021-06-25T00:00:00.000+00:00,1,1,CAD,,3,60,50,90,,Zz_60_50_90,Void and opening markers,Marcadores de abertura,false,,Desenho CAD,
33093,SECClasS,2021-06-25T00:00:00.000+00:00,1,1,CAD,,2,60,55,,,Zz_60_55,Match lines,Linhas de correspondência,false,,Desenho CAD,
33094,SECClasS,2021-06-25T00:00:00.000+00:00,1,1,CAD,,1,70,,,,Zz_70,Views,Vistas,false,,Desenho CAD,
33095,SECClasS,2021-06-25T00:00:00.000+00:00,1,1,CAD,,2,70,5,,,Zz_70_05,3D views,Vistas 3D,false,,Desenho CAD,
33096,SECClasS,2021-06-25T00:00:00.000+00:00,1,1,CAD,,2,70,20,,,Zz_70_20,Details,Detalhes,false,,Desenho CAD,
33097,SECClasS,2021-06-25T00:00:00.000+00:00,1,1,CAD,,2,70,30,,,Zz_70_30,Elevations,Elevações,false,,Desenho CAD,
33098,SECClasS,2021-06-25T00:00:00.000+00:00,1,1,CAD,,2,70,60,,,Zz_70_60,Plans,Planos,false,,Desenho CAD,
33099,SECClasS,2021-06-25T00:00:00.000+00:00,1,1,CAD,,2,70,80,,,Zz_70_80,Sections,Cortes,false,,Desenho CAD,
33100,SECClasS,2021-06-25T00:00:00.000+00:00,1,1,CAD,,2,70,90,,,Zz_70_90,Visualisations,Visualizações,false,,Desenho CAD,
33101,SECClasS,2021-06-25T00:00:00.000+00:00,1,1,CAD,,1,80,,,,Zz_80,Presentation,Apresentação,false,,Desenho CAD,
33102,SECClasS,2021-06-25T00:00:00.000+00:00,1,1,CAD,,2,80,30,,,Zz_80_30,Entourage,Entourage (?),true,Para revisão.,Desenho CAD,
33103,SECClasS,2021-06-25T00:00:00.000+00:00,1,1,CAD,,2,80,45,,,Zz_80_45,Lines,Linhas,false,,Desenho CAD,
33104,SECClasS,2021-06-25T00:00:00.000+00:00,1,1,CAD,,3,80,45,10,,Zz_80_45_10,Fine,Extra-fina,false,,Desenho CAD,
33105,SECClasS,2021-06-25T00:00:00.000+00:00,1,1,CAD,,3,80,45,20,,Zz_80_45_20,Thin,Fina,false,,Desenho CAD,
33106,SECClasS,2021-06-25T00:00:00.000+00:00,1,1,CAD,,3,80,45,30,,Zz_80_45_30,Light,Leve,false,,Desenho CAD,
33107,SECClasS,2021-06-25T00:00:00.000+00:00,1,1,CAD,,3,80,45,40,,Zz_80_45_40,Medium,Média,false,,Desenho CAD,
33108,SECClasS,2021-06-25T00:00:00.000+00:00,1,1,CAD,,3,80,45,50,,Zz_80_45_50,Heavy,Pesada,false,,Desenho CAD,
33109,SECClasS,2021-06-25T00:00:00.000+00:00,1,1,CAD,,3,80,45,60,,Zz_80_45_60,Wide,Grossa,false,,Desenho CAD,
33110,SECClasS,2021-06-25T00:00:00.000+00:00,1,1,CAD,,3,80,45,70,,Zz_80_45_70,Extra-wide,Extra-grossa,false,,Desenho CAD,
33111,SECClasS,2021-06-25T00:00:00.000+00:00,1,1,CAD,,3,80,45,80,,Zz_80_45_80,XX wide,XX wide (?),true,Para revisão.,Desenho CAD,
33112,SECClasS,2021-06-25T00:00:00.000+00:00,1,1,CAD,,3,80,45,90,,Zz_80_45_90,XXX wide,XXX wide (?),true,Para revisão.,Desenho CAD,
33113,SECClasS,2021-06-25T00:00:00.000+00:00,1,1,CAD,,2,80,60,,,Zz_80_60,People,Pessoas,false,,Desenho CAD,
33114,SECClasS,2021-06-25T00:00:00.000+00:00,1,1,CAD,,2,80,85,,,Zz_80_85,Trees and planting,Árvores e plantas,false,,Desenho CAD,
33115,SECClasS,2021-06-25T00:00:00.000+00:00,1,1,CAD,,2,80,90,,,Zz_80_90,Vehicles,Veículos,false,,Desenho CAD,
33116,SECClasS,2021-06-25T00:00:00.000+00:00,1,1,CAD,,1,85,,,,Zz_85,Generic 3D,3D genérico,false,,Desenho CAD,
33117,SECClasS,2021-06-25T00:00:00.000+00:00,1,1,CAD,,2,85,5,,,Zz_85_05,3D solids,Sólidos 3D,false,,Desenho CAD,
33118,SECClasS,2021-06-25T00:00:00.000+00:00,1,1,CAD,,3,85,5,60,,Zz_85_05_60,Paths,Caminhos,false,,Desenho CAD,
33119,SECClasS,2021-06-25T00:00:00.000+00:00,1,1,CAD,,3,85,5,80,,Zz_85_05_80,Solids,Sólidos,false,,Desenho CAD,
33120,SECClasS,2021-06-25T00:00:00.000+00:00,1,1,CAD,,3,85,5,85,,Zz_85_05_85,Solid voids,Vazios sólidos,false,,Desenho CAD,
33121,SECClasS,2021-06-25T00:00:00.000+00:00,1,1,CAD,,2,85,20,,,Zz_85_20,Concept,Conceito,false,,Desenho CAD,
33122,SECClasS,2021-06-25T00:00:00.000+00:00,1,1,CAD,,3,85,20,20,,Zz_85_20_20,Concept massing,Massas concetuais,false,,Desenho CAD,
33123,SECClasS,2021-06-25T00:00:00.000+00:00,1,1,CAD,,3,85,20,50,,Zz_85_20_50,Mass group,Grupo de massa,false,,Desenho CAD,
33124,SECClasS,2021-06-25T00:00:00.000+00:00,1,1,CAD,,3,85,20,55,,Zz_85_20_55,Mass slice,Seção de massa,false,,Desenho CAD,
33125,SECClasS,2021-06-25T00:00:00.000+00:00,1,1,CAD,,1,90,,,,Zz_90,Readme and plotting lines,Notas e linhas de plotagem (?),true,Para revisão.,Desenho CAD,
33126,SECClasS,2021-06-25T00:00:00.000+00:00,1,1,CAD,,2,90,20,,,Zz_90_20,Construction lines,Linhas de construção (?),true,Para revisão.,Desenho CAD,
33127,SECClasS,2021-06-25T00:00:00.000+00:00,1,1,CAD,,2,90,30,,,Zz_90_30,External reference information,Informação de referência externa (?),true,Para revisão.,Desenho CAD,
33128,SECClasS,2021-06-25T00:00:00.000+00:00,1,1,CAD,,2,90,70,,,Zz_90_70,Readme,Notas,false,,Desenho CAD,
