﻿idItem,Autor,Data_traducao,Versao_Uniclass,versao_secclas,code_tabela,tabela_id,nivel_item,Group,Subgroup,Section,Object,code_item,title_item,titulo_SECClasS,review,descricao_SECClasS,especialidade,keywords
5000,SECClasS,2021-06-25T00:00:00.000+00:00,1.8,1,Elementos/ funções,,1,20,,,,EF_20,Structural elements,Elementos estruturais,false,,Estruturas,
5001,SECClasS,2021-06-25T00:00:00.000+00:00,1.8,1,Elementos/ funções,,2,20,5,,,EF_20_05,Substructure,Infraestrutura,false,,Estruturas,
5002,SECClasS,2021-06-25T00:00:00.000+00:00,1.8,1,Elementos/ funções,,3,20,5,30,,EF_20_05_30,Foundations,Fundações,false,,Estruturas,
5003,SECClasS,2021-06-25T00:00:00.000+00:00,1.8,1,Elementos/ funções,,2,20,10,,,EF_20_10,Superstructure,Superestrutura,false,,Estruturas,
5004,SECClasS,2021-06-25T00:00:00.000+00:00,1.8,1,Elementos/ funções,,3,20,10,15,,EF_20_10_15,Composite structures,Estruturas compósitas,false,,Estruturas,
5005,SECClasS,2021-06-25T00:00:00.000+00:00,1.8,1,Elementos/ funções,,3,20,10,30,,EF_20_10_30,Framed structures,Estruturas porticadas,false,,Estruturas,
5006,SECClasS,2021-06-25T00:00:00.000+00:00,1.8,1,Elementos/ funções,,3,20,10,50,,EF_20_10_50,Membrane structures,Estruturas de membrana,false,,Estruturas,
5007,SECClasS,2021-06-25T00:00:00.000+00:00,1.8,1,Elementos/ funções,,3,20,10,75,,EF_20_10_75,Shell structures,Estruturas de casca,false,,Estruturas,
5008,SECClasS,2021-06-25T00:00:00.000+00:00,1.8,1,Elementos/ funções,,3,20,10,80,,EF_20_10_80,Solid structures,Estruturas maciças,false,,Estruturas,
5009,SECClasS,2021-06-25T00:00:00.000+00:00,1.8,1,Elementos/ funções,,2,20,50,,,EF_20_50,Bridge structures,Estruturas de pontes,false,,Estruturas,
5010,SECClasS,2021-06-25T00:00:00.000+00:00,1.8,1,Elementos/ funções,,3,20,50,1,,EF_20_50_01,Abutments,Encontros,false,,Estruturas,
5011,SECClasS,2021-06-25T00:00:00.000+00:00,1.8,1,Elementos/ funções,,3,20,50,7,,EF_20_50_07,Bearings,Aparelhos de apoio,false,,Estruturas,
5012,SECClasS,2021-06-25T00:00:00.000+00:00,1.8,1,Elementos/ funções,,3,20,50,64,,EF_20_50_64,Piers,Pilares/ Elementos de carga vertical,false,,Estruturas,
5013,SECClasS,2021-06-25T00:00:00.000+00:00,1.8,1,Elementos/ funções,,3,20,50,82,,EF_20_50_82,Span,Vãos,false,,Estruturas,
5014,SECClasS,2021-06-25T00:00:00.000+00:00,1.8,1,Elementos/ funções,,1,25,,,,EF_25,Wall and barrier elements,Elementos de parede e de barreira,false,,Genérico,
5015,SECClasS,2021-06-25T00:00:00.000+00:00,1.8,1,Elementos/ funções,,2,25,10,,,EF_25_10,Walls,Paredes,false,,Genérico,
5016,SECClasS,2021-06-25T00:00:00.000+00:00,1.8,1,Elementos/ funções,,2,25,30,,,EF_25_30,Doors and windows,Portas e janelas,false,,Genérico,
5017,SECClasS,2021-06-25T00:00:00.000+00:00,1.8,1,Elementos/ funções,,2,25,55,,,EF_25_55,Barriers,Barreiras,false,,Genérico,
5018,SECClasS,2021-06-25T00:00:00.000+00:00,1.8,1,Elementos/ funções,,1,30,,,,EF_30,"Roofs, floor and paving elements","Coberturas, elementos de piso e pavimento",false,,Estruturas,
5019,SECClasS,2021-06-25T00:00:00.000+00:00,1.8,1,Elementos/ funções,,2,30,10,,,EF_30_10,Roofs,Coberturas,false,,Estruturas,
5020,SECClasS,2021-06-25T00:00:00.000+00:00,1.8,1,Elementos/ funções,,2,30,20,,,EF_30_20,Floors,Pisos,false,,Estruturas,
5021,SECClasS,2021-06-25T00:00:00.000+00:00,1.8,1,Elementos/ funções,,2,30,60,,,EF_30_60,Pavements,Pavimentos,false,,Genérico,
5022,SECClasS,2021-06-25T00:00:00.000+00:00,1.8,1,Elementos/ funções,,3,30,60,60,,EF_30_60_60,Pedestrian paving,Pavimento pedestres,false,,Genérico,
5023,SECClasS,2021-06-25T00:00:00.000+00:00,1.8,1,Elementos/ funções,,3,30,60,95,,EF_30_60_95,Vehicular paving,Pavimentos para veículos,false,,Genérico,
5024,SECClasS,2021-06-25T00:00:00.000+00:00,1.8,1,Elementos/ funções,,2,30,70,,,EF_30_70,Bridge decks,Tabuleiros de pontes,false,,Genérico,
5025,SECClasS,2021-06-25T00:00:00.000+00:00,1.8,1,Elementos/ funções,,1,35,,,,EF_35,Stairs and ramps,Escadas e rampas,false,,Genérico,
5026,SECClasS,2021-06-25T00:00:00.000+00:00,1.8,1,Elementos/ funções,,2,35,10,,,EF_35_10,Stairs,Escadas,false,,Genérico,
5027,SECClasS,2021-06-25T00:00:00.000+00:00,1.8,1,Elementos/ funções,,3,35,10,30,,EF_35_10_30,External stairs,Escadas externas,false,,Genérico,
5028,SECClasS,2021-06-25T00:00:00.000+00:00,1.8,1,Elementos/ funções,,3,35,10,40,,EF_35_10_40,Internal stairs,Escadas internas,false,,Genérico,
5029,SECClasS,2021-06-25T00:00:00.000+00:00,1.8,1,Elementos/ funções,,2,35,20,,,EF_35_20,Ramps,Rampas,false,,Genérico,
5030,SECClasS,2021-06-25T00:00:00.000+00:00,1.8,1,Elementos/ funções,,3,35,20,30,,EF_35_20_30,External ramps,Rampas externas,false,,Genérico,
5031,SECClasS,2021-06-25T00:00:00.000+00:00,1.8,1,Elementos/ funções,,3,35,20,40,,EF_35_20_40,Internal ramps,Rampas internas,false,,Genérico,
5032,SECClasS,2021-06-25T00:00:00.000+00:00,1.8,1,Elementos/ funções,,1,37,,,,EF_37,"Tunnel, vessel and tower elements","Túneis, elementos de reservatórios e torres",false,,Eng. Hidráulica,
5033,SECClasS,2021-06-25T00:00:00.000+00:00,1.8,1,Elementos/ funções,,2,37,16,,,EF_37_16,Vessels and trenches,Reservatórios e valas,false,,Eng. Hidráulica,
5034,SECClasS,2021-06-25T00:00:00.000+00:00,1.8,1,Elementos/ funções,,3,37,16,90,,EF_37_16_90,Trenches,Valas,false,,Eng. Hidráulica,
5035,SECClasS,2021-06-25T00:00:00.000+00:00,1.8,1,Elementos/ funções,,3,37,16,94,,EF_37_16_94,Vessels,Reservatórios,false,,Eng. Hidráulica,
5036,SECClasS,2021-06-25T00:00:00.000+00:00,1.8,1,Elementos/ funções,,2,37,17,,,EF_37_17,"Towers, chimneys and masts","Torres, chaminés e mastros",false,,Genérico,
5037,SECClasS,2021-06-25T00:00:00.000+00:00,1.8,1,Elementos/ funções,,3,37,17,15,,EF_37_17_15,Chimneys,Chaminés,false,,Genérico,
5038,SECClasS,2021-06-25T00:00:00.000+00:00,1.8,1,Elementos/ funções,,3,37,17,35,,EF_37_17_35,Gantries,Pórticos,false,,Genérico,
5039,SECClasS,2021-06-25T00:00:00.000+00:00,1.8,1,Elementos/ funções,,3,37,17,50,,EF_37_17_50,Masts,Mastros,false,,Genérico,
5040,SECClasS,2021-06-25T00:00:00.000+00:00,1.8,1,Elementos/ funções,,3,37,17,70,,EF_37_17_70,Pylons,Postes,false,,Genérico,
5041,SECClasS,2021-06-25T00:00:00.000+00:00,1.8,1,Elementos/ funções,,3,37,17,90,,EF_37_17_90,Towers,Torres,false,,Genérico,
5042,SECClasS,2021-06-25T00:00:00.000+00:00,1.8,1,Elementos/ funções,,2,37,50,,,EF_37_50,Tunnels and shafts,Túneis e poços,false,,Genérico,
5043,SECClasS,2021-06-25T00:00:00.000+00:00,1.8,1,Elementos/ funções,,1,40,,,,EF_40,"Signage, fittings, furnishings and equipment","Sinalização, acessórios, móveis e equipamentos",false,,Genérico,
5044,SECClasS,2021-06-25T00:00:00.000+00:00,1.8,1,Elementos/ funções,,2,40,10,,,EF_40_10,Signage,Sinalização,false,,Genérico,
5045,SECClasS,2021-06-25T00:00:00.000+00:00,1.8,1,Elementos/ funções,,2,40,20,,,EF_40_20,Fittings,Acessórios,false,,Genérico,
5046,SECClasS,2021-06-25T00:00:00.000+00:00,1.8,1,Elementos/ funções,,2,40,30,,,EF_40_30,Furnishings,Mobiliário,false,,Genérico,
5047,SECClasS,2021-06-25T00:00:00.000+00:00,1.8,1,Elementos/ funções,,2,40,40,,,EF_40_40,Equipment,Equipamentos,false,,Genérico,
5048,SECClasS,2021-06-25T00:00:00.000+00:00,1.8,1,Elementos/ funções,,1,45,,,,EF_45,Flora and fauna elements,Elementos de flora e fauna,false,,Genérico,
5049,SECClasS,2021-06-25T00:00:00.000+00:00,1.8,1,Elementos/ funções,,2,45,3,,,EF_45_03,Aquatic fauna elements,Elementos da fauna aquática,false,,Genérico,
5050,SECClasS,2021-06-25T00:00:00.000+00:00,1.8,1,Elementos/ funções,,2,45,5,,,EF_45_05,Aquatic flora elements,Elementos da flora aquática,false,,Genérico,
5051,SECClasS,2021-06-25T00:00:00.000+00:00,1.8,1,Elementos/ funções,,2,45,20,,,EF_45_20,Grass and meadow elements,Elementos de relva e prados,false,,Genérico,
5052,SECClasS,2021-06-25T00:00:00.000+00:00,1.8,1,Elementos/ funções,,2,45,45,,,EF_45_45,Land fauna elements,Elementos da fauna terrestre,false,,Genérico,
5053,SECClasS,2021-06-25T00:00:00.000+00:00,1.8,1,Elementos/ funções,,2,45,90,,,EF_45_90,"Tree, shrub and herbaceous plant elements","Elementos de árvores, arbustos e plantas herbáceas",false,,Genérico,
5054,SECClasS,2021-06-25T00:00:00.000+00:00,1.8,1,Elementos/ funções,,1,50,,,,EF_50,Waste disposal functions,Funções de eliminação de resíduos,false,,Genérico,
5055,SECClasS,2021-06-25T00:00:00.000+00:00,1.8,1,Elementos/ funções,,2,50,10,,,EF_50_10,Gas waste collection,Recolha de resíduos de gás,false,,Gestão de resíduos,
5056,SECClasS,2021-06-25T00:00:00.000+00:00,1.8,1,Elementos/ funções,,2,50,20,,,EF_50_20,Wet waste collection,Recolha de resíduos húmidos,false,,Gestão de resíduos,
5057,SECClasS,2021-06-25T00:00:00.000+00:00,1.8,1,Elementos/ funções,,2,50,30,,,EF_50_30,Above-ground drainage collection,Recolha de drenagem acima do solo,false,,Gestão de resíduos,
5058,SECClasS,2021-06-25T00:00:00.000+00:00,1.8,1,Elementos/ funções,,2,50,35,,,EF_50_35,Below-ground drainage collection,Recolha de drenagem subterrânea,false,,Gestão de resíduos,
5059,SECClasS,2021-06-25T00:00:00.000+00:00,1.8,1,Elementos/ funções,,2,50,40,,,EF_50_40,Dry waste collection,Recolha de resíduos sólidos,false,,Gestão de resíduos,
5060,SECClasS,2021-06-25T00:00:00.000+00:00,1.8,1,Elementos/ funções,,2,50,50,,,EF_50_50,Gas waste treatment and disposal,Tratamento e eliminação de resíduos de gás,false,,Gestão de resíduos,
5061,SECClasS,2021-06-25T00:00:00.000+00:00,1.8,1,Elementos/ funções,,2,50,60,,,EF_50_60,Wet waste treatment and disposal,Tratamento e eliminação de resíduos húmidos,false,,Genérico,
5062,SECClasS,2021-06-25T00:00:00.000+00:00,1.8,1,Elementos/ funções,,2,50,70,,,EF_50_70,Drainage treatment and disposal,Tratamento e eliminação de esgotos,false,,Eng. Hidráulica,
5063,SECClasS,2021-06-25T00:00:00.000+00:00,1.8,1,Elementos/ funções,,2,50,75,,,EF_50_75,Wastewater treatment and disposal,Tratamento e eliminação de águas residuais,false,,Eng. Hidráulica,
5064,SECClasS,2021-06-25T00:00:00.000+00:00,1.8,1,Elementos/ funções,,2,50,80,,,EF_50_80,Dry waste treatment and disposal,Tratamento e eliminação de resíduos secos,false,,Eng. Hidráulica,
5065,SECClasS,2021-06-25T00:00:00.000+00:00,1.8,1,Elementos/ funções,,1,55,,,,EF_55,Piped supply functions,Funções de abastecimento canalizado,false,,Eng. Hidráulica,
5066,SECClasS,2021-06-25T00:00:00.000+00:00,1.8,1,Elementos/ funções,,2,55,5,,,EF_55_05,Gas extraction and treatment,Extração e tratamento de gás,false,,Eng. Hidráulica,
5067,SECClasS,2021-06-25T00:00:00.000+00:00,1.8,1,Elementos/ funções,,2,55,10,,,EF_55_10,Liquid fuel extraction and treatment,Extração e tratamento de combustível líquido,false,,Eng. Hidráulica,
5068,SECClasS,2021-06-25T00:00:00.000+00:00,1.8,1,Elementos/ funções,,2,55,15,,,EF_55_15,Water extraction and treatment,Extração e tratamento de água,false,,Eng. Hidráulica,
5069,SECClasS,2021-06-25T00:00:00.000+00:00,1.8,1,Elementos/ funções,,2,55,20,,,EF_55_20,Gas supply,Abastecimento de gás,false,,Genérico,
5070,SECClasS,2021-06-25T00:00:00.000+00:00,1.8,1,Elementos/ funções,,2,55,30,,,EF_55_30,Fire extinguishing supply,Fornecimento de extinção de incêndio (?),true,Para revisão.,Serviço de Segurança e Incêndio,
5071,SECClasS,2021-06-25T00:00:00.000+00:00,1.8,1,Elementos/ funções,,2,55,40,,,EF_55_40,Steam supply,Fornecimento de vapor,false,,Serviço de Segurança e Incêndio,
5072,SECClasS,2021-06-25T00:00:00.000+00:00,1.8,1,Elementos/ funções,,2,55,50,,,EF_55_50,Liquid fuel supply,Abastecimento de combustível líquido,false,,Serviço de Segurança e Incêndio,
5073,SECClasS,2021-06-25T00:00:00.000+00:00,1.8,1,Elementos/ funções,,2,55,60,,,EF_55_60,Process liquid supply,Abastecimento de líquido refrigerante,false,,Serviço de Segurança e Incêndio,
5074,SECClasS,2021-06-25T00:00:00.000+00:00,1.8,1,Elementos/ funções,,2,55,70,,,EF_55_70,Water supply,Abastecimento de água,false,,Genérico,
5075,SECClasS,2021-06-25T00:00:00.000+00:00,1.8,1,Elementos/ funções,,2,55,90,,,EF_55_90,Piped solids supply,Fornecimento canalizado de sólidos,false,,Genérico,
5076,SECClasS,2021-06-25T00:00:00.000+00:00,1.8,1,Elementos/ funções,,1,60,,,,EF_60,"Heating, cooling and refrigeration functions","Funções de aquecimento, arrefecimento e refrigeração",false,,Genérico,
5077,SECClasS,2021-06-25T00:00:00.000+00:00,1.8,1,Elementos/ funções,,2,60,30,,,EF_60_30,Rail and paving heating,Aquecimento do pavimento e da ferrovia,false,,Genérico,
5078,SECClasS,2021-06-25T00:00:00.000+00:00,1.8,1,Elementos/ funções,,2,60,40,,,EF_60_40,Space heating and cooling,Aquecimento e arrefecimento do espaço,false,,Climatização,
5079,SECClasS,2021-06-25T00:00:00.000+00:00,1.8,1,Elementos/ funções,,2,60,60,,,EF_60_60,Refrigeration,Refrigeração,false,,Climatização,
5080,SECClasS,2021-06-25T00:00:00.000+00:00,1.8,1,Elementos/ funções,,2,60,80,,,EF_60_80,Drying,Secagem,false,,Climatização,
5081,SECClasS,2021-06-25T00:00:00.000+00:00,1.8,1,Elementos/ funções,,1,65,,,,EF_65,Ventilation and air conditioning functions,Funções de ventilação e ar condicionado,false,,Climatização,
5082,SECClasS,2021-06-25T00:00:00.000+00:00,1.8,1,Elementos/ funções,,2,65,40,,,EF_65_40,Ventilation,Ventilação,false,,Climatização,
5083,SECClasS,2021-06-25T00:00:00.000+00:00,1.8,1,Elementos/ funções,,2,65,80,,,EF_65_80,Air conditioning,Ar condicionado,false,,Climatização,
5084,SECClasS,2021-06-25T00:00:00.000+00:00,1.8,1,Elementos/ funções,,1,70,,,,EF_70,Electrical power and lighting functions,Funções de energia elétrica e iluminação,false,,Genérico,
5085,SECClasS,2021-06-25T00:00:00.000+00:00,1.8,1,Elementos/ funções,,2,70,10,,,EF_70_10,Electrical power generation,Geração de energia elétrica,false,,Genérico,
5086,SECClasS,2021-06-25T00:00:00.000+00:00,1.8,1,Elementos/ funções,,2,70,30,,,EF_70_30,Electricity distribution and transmission,Distribuição e transmissão de eletricidade,false,,Genérico,
5087,SECClasS,2021-06-25T00:00:00.000+00:00,1.8,1,Elementos/ funções,,2,70,80,,,EF_70_80,Lighting,Iluminação,false,,Genérico,
5088,SECClasS,2021-06-25T00:00:00.000+00:00,1.8,1,Elementos/ funções,,1,75,,,,EF_75,"Communications, security, safety and protection functions","Funções de comunicações, segurança e proteção",false,,Genérico,
5089,SECClasS,2021-06-25T00:00:00.000+00:00,1.8,1,Elementos/ funções,,2,75,10,,,EF_75_10,Communication,Comunicação,false,,Genérico,
5090,SECClasS,2021-06-25T00:00:00.000+00:00,1.8,1,Elementos/ funções,,2,75,30,,,EF_75_30,Signalling,Sinalização,false,,Genérico,
5091,SECClasS,2021-06-25T00:00:00.000+00:00,1.8,1,Elementos/ funções,,2,75,40,,,EF_75_40,Security,Segurança,false,,Genérico,
5092,SECClasS,2021-06-25T00:00:00.000+00:00,1.8,1,Elementos/ funções,,2,75,50,,,EF_75_50,Safety and protection,Segurança e proteção,false,,Genérico,
5093,SECClasS,2021-06-25T00:00:00.000+00:00,1.8,1,Elementos/ funções,,2,75,60,,,EF_75_60,Environmental safety,Segurança ambiental,false,,Genérico,
5094,SECClasS,2021-06-25T00:00:00.000+00:00,1.8,1,Elementos/ funções,,2,75,70,,,EF_75_70,Control and management,Controlo e gestão,false,,Genérico,
5095,SECClasS,2021-06-25T00:00:00.000+00:00,1.8,1,Elementos/ funções,,2,75,80,,,EF_75_80,Protection,Proteção,false,,Genérico,
5096,SECClasS,2021-06-25T00:00:00.000+00:00,1.8,1,Elementos/ funções,,1,80,,,,EF_80,Transport functions,Funções de transporte,false,,Genérico,
5097,SECClasS,2021-06-25T00:00:00.000+00:00,1.8,1,Elementos/ funções,,2,80,10,,,EF_80_10,Cable transport,Transporte via cabo,false,,Genérico,
5098,SECClasS,2021-06-25T00:00:00.000+00:00,1.8,1,Elementos/ funções,,2,80,20,,,EF_80_20,Conveyors,Tapetes e esteiras de transporte,false,,Genérico,
5099,SECClasS,2021-06-25T00:00:00.000+00:00,1.8,1,Elementos/ funções,,2,80,30,,,EF_80_30,Cranes and hoists,Gruas e guinchos,false,,Genérico,
5100,SECClasS,2021-06-25T00:00:00.000+00:00,1.8,1,Elementos/ funções,,2,80,50,,,EF_80_50,Lifts,Elevadores,false,,Genérico,
5101,SECClasS,2021-06-25T00:00:00.000+00:00,1.8,1,Elementos/ funções,,2,80,70,,,EF_80_70,Rail tracks,Ferrovias,false,,Genérico,
