﻿idItem,Autor,Data_traducao,Versao_Uniclass,versao_secclas,code_tabela,tabela_id,nivel_item,Group,Subgroup,Section,Object,code_item,title_item,titulo_SECClasS,review,descricao_SECClasS,especialidade,keywords
1,SECClasS,2021-06-25T00:00:00.000+00:00,1.12,1,Complexos,,1,20,,,,Co_20,"Administrative, commercial and protective service complexes","Complexos de serviços administrativos, comerciais e de segurança",false,,Genérico,
2,SECClasS,2021-06-25T00:00:00.000+00:01,1.12,1,Complexos,,2,20,10,,,Co_20_10,Legislative complexes,Complexos legislativos,false,,Genérico,
3,SECClasS,2021-06-25T00:00:00.000+00:02,1.12,1,Complexos,,3,20,10,60,,Co_20_10_60,Governmental complexes,Complexos governamentais,false,,Genérico,
4,SECClasS,2021-06-25T00:00:00.000+00:03,1.12,1,Complexos,,2,20,15,,,Co_20_15,Administrative complexes,Complexos administrativos,false,,Genérico,
5,SECClasS,2021-06-25T00:00:00.000+00:04,1.12,1,Complexos,,3,20,15,8,,Co_20_15_08,Business parks,Parques empresariais,false,,Genérico,
6,SECClasS,2021-06-25T00:00:00.000+00:05,1.12,1,Complexos,,3,20,15,58,,Co_20_15_58,Office complexes,Complexos de escritórios,false,,Genérico,
7,SECClasS,2021-06-25T00:00:00.000+00:06,1.12,1,Complexos,,2,20,20,,,Co_20_20,Secular representative complexes,Complexos de administração pública,false,,Genérico,
8,SECClasS,2021-06-25T00:00:00.000+00:07,1.12,1,Complexos,,3,20,20,15,,Co_20_20_15,Complexes for representatives of nation states abroad,Complexos de representação de estados no estrangeiro ,false,,Genérico,
9,SECClasS,2021-06-25T00:00:00.000+00:08,1.12,1,Complexos,,3,20,20,40,,Co_20_20_40,Local government complexes,Complexos governamentais locais,false,,Genérico,
10,SECClasS,2021-06-25T00:00:00.000+00:09,1.12,1,Complexos,,3,20,20,50,,Co_20_20_50,National government complexes,Complexos governamentais nacionais,false,,Genérico,
11,SECClasS,2021-06-25T00:00:00.000+00:10,1.12,1,Complexos,,3,20,20,70,,Co_20_20_70,Regional government complexes,Complexos governamentais regionais,false,,Genérico,
12,SECClasS,2021-06-25T00:00:00.000+00:11,1.12,1,Complexos,,2,20,45,,,Co_20_45,Motor vehicle maintenance and fuelling complexes,Complexos de manutenção e abastecimento de veículos motorizados,false,,Genérico,
13,SECClasS,2021-06-25T00:00:00.000+00:12,1.12,1,Complexos,,3,20,45,50,,Co_20_45_50,Motor vehicle fuelling and charging stations,Complexos de abastecimento e carregamento de veículos motorizados ,false,,Genérico,
14,SECClasS,2021-06-25T00:00:00.000+00:13,1.12,1,Complexos,,3,20,45,54,,Co_20_45_54,Motor vehicle servicing complexes,Complexos de reparação de veículos motorizados,false,,Genérico,
15,SECClasS,2021-06-25T00:00:00.000+00:14,1.12,1,Complexos,,2,20,50,,,Co_20_50,Commercial complexes,Complexos comerciais,false,,Genérico,
16,SECClasS,2021-06-25T00:00:00.000+00:15,1.12,1,Complexos,,3,20,50,5,,Co_20_50_05,Auction complexes,Complexos de leiloeiras,false,,Genérico,
17,SECClasS,2021-06-25T00:00:00.000+00:16,1.12,1,Complexos,,3,20,50,50,,Co_20_50_50,Market complexes,Complexos de mercados,false,,Genérico,
18,SECClasS,2021-06-25T00:00:00.000+00:17,1.12,1,Complexos,,3,20,50,53,,Co_20_50_53,Mixed use complexes,Complexos de utilização mista,false,,Genérico,
19,SECClasS,2021-06-25T00:00:00.000+00:18,1.12,1,Complexos,,3,20,50,60,,Co_20_50_60,Parade of shops,Conjuntos de lojas de comércio local,false,,Genérico,
20,SECClasS,2021-06-25T00:00:00.000+00:19,1.12,1,Complexos,,3,20,50,71,,Co_20_50_71,Retail parks,Parques de retalho,false,,Genérico,
21,SECClasS,2021-06-25T00:00:00.000+00:20,1.12,1,Complexos,,3,20,50,78,,Co_20_50_78,Shopping complexes,Centros comerciais,false,,Genérico,
22,SECClasS,2021-06-25T00:00:00.000+00:21,1.12,1,Complexos,,3,20,50,94,,Co_20_50_94,Vehicle sales complexes,Complexos de venda de veículos,false,,Genérico,
23,SECClasS,2021-06-25T00:00:00.000+00:22,1.12,1,Complexos,,2,20,55,,,Co_20_55,Postal complexes,Complexos postais,false,,Genérico,
24,SECClasS,2021-06-25T00:00:00.000+00:23,1.12,1,Complexos,,3,20,55,10,,Co_20_55_10,Postal communications complexes,Complexos de comunicações postais,false,,Genérico,
25,SECClasS,2021-06-25T00:00:00.000+00:24,1.12,1,Complexos,,2,20,60,,,Co_20_60,Military complexes,Complexos militares,false,,Genérico,
26,SECClasS,2021-06-25T00:00:00.000+00:25,1.12,1,Complexos,,3,20,60,2,,Co_20_60_02,Air force complexes,Complexos da Força Aérea,false,,Genérico,
27,SECClasS,2021-06-25T00:00:00.000+00:26,1.12,1,Complexos,,3,20,60,10,,Co_20_60_10,Army complexes,Complexos do exército,false,,Genérico,
28,SECClasS,2021-06-25T00:00:00.000+00:27,1.12,1,Complexos,,3,20,60,56,,Co_20_60_56,Navy complexes,Complexos da marinha,false,,Genérico,
29,SECClasS,2021-06-25T00:00:00.000+00:28,1.12,1,Complexos,,2,20,65,,,Co_20_65,Law enforcement complexes,Complexos de forças de segurança pública,false,,Genérico,
30,SECClasS,2021-06-25T00:00:00.000+00:29,1.12,1,Complexos,,3,20,65,56,,Co_20_65_56,Law enforcement agency complexes,Complexos de agências de segurança pública,false,,Genérico,
31,SECClasS,2021-06-25T00:00:00.000+00:30,1.12,1,Complexos,,2,20,70,,,Co_20_70,Judicial complexes,Complexos judiciais,false,,Genérico,
32,SECClasS,2021-06-25T00:00:00.000+00:31,1.12,1,Complexos,,3,20,70,18,,Co_20_70_18,Court complexes,Complexos de tribunais,false,,Genérico,
33,SECClasS,2021-06-25T00:00:00.000+00:32,1.12,1,Complexos,,3,20,70,65,,Co_20_70_65,Probation complexes,Complexos de liberdade condicional,false,,Genérico,
34,SECClasS,2021-06-25T00:00:00.000+00:33,1.12,1,Complexos,,2,20,75,,,Co_20_75,Detention complexes,Complexos de detenção,false,,Genérico,
35,SECClasS,2021-06-25T00:00:00.000+00:34,1.12,1,Complexos,,3,20,75,42,,Co_20_75_42,Immigrant detention complexes,Complexos de detenção de imigrantes,false,,Genérico,
36,SECClasS,2021-06-25T00:00:00.000+00:35,1.12,1,Complexos,,3,20,75,64,,Co_20_75_64,Prison complexes,Complexos prisionais,false,,Genérico,
37,SECClasS,2021-06-25T00:00:00.000+00:36,1.12,1,Complexos,,3,20,75,71,,Co_20_75_71,Refugee detention complexes,Complexos de detenção de refugiados,false,,Genérico,
38,SECClasS,2021-06-25T00:00:00.000+00:37,1.12,1,Complexos,,2,20,80,,,Co_20_80,Weapons training complexes,Complexos de treino com armas,false,,Genérico,
39,SECClasS,2021-06-25T00:00:00.000+00:38,1.12,1,Complexos,,3,20,80,4,,Co_20_80_04,Artillery firing range complexes,Carreiras de tiro de artilharia,false,,Genérico,
40,SECClasS,2021-06-25T00:00:00.000+00:39,1.12,1,Complexos,,3,20,80,80,,Co_20_80_80,Small arms firing range complexes,Carreiras de tiro de armas de pequeno porte,false,,Genérico,
41,SECClasS,2021-06-25T00:00:00.000+00:40,1.12,1,Complexos,,2,20,90,,,Co_20_90,Incident support complexes,Complexos de suporte à emergência,false,,Genérico,
42,SECClasS,2021-06-25T00:00:00.000+00:41,1.12,1,Complexos,,3,20,90,2,,Co_20_90_02,Air and sea rescue complexes,Complexos de resgate aéreo e marítimo,false,,Genérico,
43,SECClasS,2021-06-25T00:00:00.000+00:42,1.12,1,Complexos,,3,20,90,16,,Co_20_90_16,Coastguard stations,Estações da guarda costeira,false,,Genérico,
44,SECClasS,2021-06-25T00:00:00.000+00:43,1.12,1,Complexos,,3,20,90,27,,Co_20_90_27,Fire brigade complexes,Quartéis de bombeiros,false,,Genérico,
45,SECClasS,2021-06-25T00:00:00.000+00:44,1.12,1,Complexos,,3,20,90,47,,Co_20_90_47,Lifeboat stations,Estações de salva-vidas,false,,Genérico,
46,SECClasS,2021-06-25T00:00:00.000+00:45,1.12,1,Complexos,,3,20,90,53,,Co_20_90_53,Mountain rescue complexes,Complexos de resgate de montanha,false,,Genérico,
47,SECClasS,2021-06-25T00:00:00.000+00:46,1.12,1,Complexos,,1,25,,,,Co_25,"Cultural, educational, scientific and information complexes","Complexos culturais, educacionais, científicos e de informação",false,,Genérico,
48,SECClasS,2021-06-25T00:00:00.000+00:47,1.12,1,Complexos,,2,25,5,,,Co_25_05,Commemorative complexes,Complexos comemorativos,false,,Genérico,
49,SECClasS,2021-06-25T00:00:00.000+00:48,1.12,1,Complexos,,2,25,10,,,Co_25_10,Educational complexes,Complexos educacionais,false,,Genérico,
50,SECClasS,2021-06-25T00:00:00.000+00:49,1.12,1,Complexos,,3,25,10,32,,Co_25_10_32,Further education colleges,Instituições de ensino profissional,false,,Genérico,
51,SECClasS,2021-06-25T00:00:00.000+00:50,1.12,1,Complexos,,3,25,10,41,,Co_25_10_41,Infant schools,Edifícios de educação infantil ,false,,Genérico,
52,SECClasS,2021-06-25T00:00:00.000+00:51,1.12,1,Complexos,,3,25,10,45,,Co_25_10_45,"Kindergartens, nurseries and preschools","Berçários, jardins infantis e pré-escola",false,,Genérico,
53,SECClasS,2021-06-25T00:00:00.000+00:52,1.12,1,Complexos,,3,25,10,66,,Co_25_10_66,Primary schools,Escolas do ensino básico,false,,Genérico,
54,SECClasS,2021-06-25T00:00:00.000+00:53,1.12,1,Complexos,,3,25,10,77,,Co_25_10_77,Secondary schools,Escolas do ensino secundário,false,,Genérico,
55,SECClasS,2021-06-25T00:00:00.000+00:54,1.12,1,Complexos,,3,25,10,88,,Co_25_10_88,Tertiary colleges,Instituições de ensino superior,false,,Genérico,
56,SECClasS,2021-06-25T00:00:00.000+00:55,1.12,1,Complexos,,3,25,10,92,,Co_25_10_92,Universities,Universidades,false,,Genérico,
57,SECClasS,2021-06-25T00:00:00.000+00:56,1.12,1,Complexos,,2,25,30,,,Co_25_30,Scientific complexes,Complexos científicos,false,,Genérico,
58,SECClasS,2021-06-25T00:00:00.000+00:57,1.12,1,Complexos,,3,25,30,4,,Co_25_30_04,Astronomical observatory complexes,Observatórios astronómicos,false,,Genérico,
59,SECClasS,2021-06-25T00:00:00.000+00:58,1.12,1,Complexos,,3,25,30,8,,Co_25_30_08,Botanical gardens,Jardins botânicos,false,,Genérico,
60,SECClasS,2021-06-25T00:00:00.000+00:59,1.12,1,Complexos,,3,25,30,45,,Co_25_30_45,Laboratory complexes,Complexos laboratoriais,false,,Genérico,
61,SECClasS,2021-06-25T00:00:00.000+00:60,1.12,1,Complexos,,3,25,30,70,,Co_25_30_70,Research complexes,Complexos de investigação,false,,Genérico,
62,SECClasS,2021-06-25T00:00:00.000+00:61,1.12,1,Complexos,,2,25,50,,,Co_25_50,Exhibition complexes,Complexos de exibição,false,,Genérico,
63,SECClasS,2021-06-25T00:00:00.000+00:62,1.12,1,Complexos,,3,25,50,3,,Co_25_50_03,Art installations,Instalações de arte,false,,Genérico,
64,SECClasS,2021-06-25T00:00:00.000+00:63,1.12,1,Complexos,,3,25,50,33,,Co_25_50_33,Galleries,Galerias,false,,Genérico,
65,SECClasS,2021-06-25T00:00:00.000+00:64,1.12,1,Complexos,,3,25,50,34,,Co_25_50_34,Gardens and arboretums,Jardins e arboretos,false,,Genérico,
66,SECClasS,2021-06-25T00:00:00.000+00:65,1.12,1,Complexos,,3,25,50,50,,Co_25_50_50,Memorial complexes,Complexos memoriais,false,,Genérico,
67,SECClasS,2021-06-25T00:00:00.000+00:66,1.12,1,Complexos,,3,25,50,52,,Co_25_50_52,Monument complexes,Complexos monumentais,false,,Genérico,
68,SECClasS,2021-06-25T00:00:00.000+00:67,1.12,1,Complexos,,3,25,50,54,,Co_25_50_54,Multi-purpose exhibition complexes,Complexos de exposição polivalente,false,,Genérico,
69,SECClasS,2021-06-25T00:00:00.000+00:68,1.12,1,Complexos,,3,25,50,55,,Co_25_50_55,Museums,Museus,false,,Genérico,
70,SECClasS,2021-06-25T00:00:00.000+00:69,1.12,1,Complexos,,3,25,50,58,,Co_25_50_58,Open-air museums,Museus ao ar livre,false,,Genérico,
71,SECClasS,2021-06-25T00:00:00.000+00:70,1.12,1,Complexos,,3,25,50,59,,Co_25_50_59,Open-air sculpture parks,Parques de esculturas ao ar livre ,false,,Genérico,
72,SECClasS,2021-06-25T00:00:00.000+00:71,1.12,1,Complexos,,3,25,50,99,,Co_25_50_99,Zoos,Jardins zoológicos,false,,Genérico,
73,SECClasS,2021-06-25T00:00:00.000+00:72,1.12,1,Complexos,,2,25,70,,,Co_25_70,Information complexes,Complexos de informação,false,,Genérico,
74,SECClasS,2021-06-25T00:00:00.000+00:73,1.12,1,Complexos,,3,25,70,16,,Co_25_70_16,Conference complexes,Centros de conferências e congressos,false,,Genérico,
75,SECClasS,2021-06-25T00:00:00.000+00:74,1.12,1,Complexos,,3,25,70,23,,Co_25_70_23,Document archives,Arquivos,false,,Genérico,
76,SECClasS,2021-06-25T00:00:00.000+00:75,1.12,1,Complexos,,3,25,70,30,,Co_25_70_30,Film archives,Cinematecas,false,,Genérico,
77,SECClasS,2021-06-25T00:00:00.000+00:76,1.12,1,Complexos,,3,25,70,41,,Co_25_70_41,Information centres,Centros de informação,false,,Genérico,
78,SECClasS,2021-06-25T00:00:00.000+00:77,1.12,1,Complexos,,3,25,70,47,,Co_25_70_47,Library complexes,Complexos de bibliotecas,false,,Genérico,
79,SECClasS,2021-06-25T00:00:00.000+00:78,1.12,1,Complexos,,2,25,90,,,Co_25_90,Worship complexes,Complexos de culto,false,,Genérico,
80,SECClasS,2021-06-25T00:00:00.000+00:79,1.12,1,Complexos,,3,25,90,30,,Co_25_90_30,Faith worship complexes,Complexos de culto religioso,false,,Genérico,
81,SECClasS,2021-06-25T00:00:00.000+00:80,1.12,1,Complexos,,1,30,,,,Co_30,Industrial complexes,Complexos industriais,false,,Genérico,
82,SECClasS,2021-06-25T00:00:00.000+00:81,1.12,1,Complexos,,2,30,10,,,Co_30_10,Mineral extraction complexes,Complexos de extracção mineira,false,,Genérico,
83,SECClasS,2021-06-25T00:00:00.000+00:82,1.12,1,Complexos,,3,30,10,22,,Co_30_10_22,Deep mines,Minas subterrânea profunda,false,,Genérico,
84,SECClasS,2021-06-25T00:00:00.000+00:83,1.12,1,Complexos,,3,30,10,24,,Co_30_10_24,Drift mines,Minas subterrânea sub-horizontais,false,,Genérico,
85,SECClasS,2021-06-25T00:00:00.000+00:84,1.12,1,Complexos,,3,30,10,51,,Co_30_10_51,Methane hydrates extraction complexes,Complexos de extração de hidratos de metano,false,,Genérico,
86,SECClasS,2021-06-25T00:00:00.000+00:85,1.12,1,Complexos,,3,30,10,61,,Co_30_10_61,Opencast mines,Minas a céu aberto,false,,Genérico,
87,SECClasS,2021-06-25T00:00:00.000+00:86,1.12,1,Complexos,,3,30,10,69,,Co_30_10_69,Quarries,Pedreiras,false,,Genérico,
88,SECClasS,2021-06-25T00:00:00.000+00:87,1.12,1,Complexos,,3,30,10,77,,Co_30_10_77,Shale gas extraction complexes,Complexos de extracção de gás de xisto,false,,Genérico,
89,SECClasS,2021-06-25T00:00:00.000+00:88,1.12,1,Complexos,,3,30,10,78,,Co_30_10_78,Shale oil extraction complexes,Complexos de extracção de óleo de xisto,false,,Genérico,
90,SECClasS,2021-06-25T00:00:00.000+00:89,1.12,1,Complexos,,2,30,20,,,Co_30_20,Nuclear and chemical management complexes,Complexos de gestão nucleares e químicos,false,,Genérico,
91,SECClasS,2021-06-25T00:00:00.000+00:90,1.12,1,Complexos,,3,30,20,80,,Co_30_20_80,Surface radioactive waste management complexes,Complexos de gestão de resíduos radioactivos à superfície,false,,Genérico,
92,SECClasS,2021-06-25T00:00:00.000+00:91,1.12,1,Complexos,,3,30,20,95,,Co_30_20_95,Underground radioactive waste management complexes,Complexos de gestão de resíduos radioactivos subterrâneos,false,,Genérico,
93,SECClasS,2021-06-25T00:00:00.000+00:92,1.12,1,Complexos,,2,30,30,,,Co_30_30,Mineral processing complexes,Complexos de processamento mineral,false,,Genérico,
94,SECClasS,2021-06-25T00:00:00.000+00:93,1.12,1,Complexos,,3,30,30,30,,Co_30_30_30,Gas processing complexes,Complexos de processamento de gás,false,,Genérico,
95,SECClasS,2021-06-25T00:00:00.000+00:94,1.12,1,Complexos,,3,30,30,50,,Co_30_30_50,Oil processing complexes,Complexos de processamento de petróleo,false,,Genérico,
96,SECClasS,2021-06-25T00:00:00.000+00:95,1.12,1,Complexos,,3,30,30,55,,Co_30_30_55,Ore processing complexes,Complexos de processamento de minério,false,,Genérico,
97,SECClasS,2021-06-25T00:00:00.000+00:96,1.12,1,Complexos,,2,30,40,,,Co_30_40,Animal and plant products processing complexes,Complexos de processamento de produtos animais e vegetais,false,,Genérico,
98,SECClasS,2021-06-25T00:00:00.000+00:97,1.12,1,Complexos,,3,30,40,1,,Co_30_40_01,Abattoirs,Matadouros,false,,Genérico,
99,SECClasS,2021-06-25T00:00:00.000+00:98,1.12,1,Complexos,,3,30,40,3,,Co_30_40_03,Animal product processing complexes,Complexos de processamento de produtos animais,false,,Genérico,
100,SECClasS,2021-06-25T00:00:00.000+00:99,1.12,1,Complexos,,3,30,40,4,,Co_30_40_04,Arable crop processing complexes,Complexos de processamento de culturas arvenses,false,,Genérico,
101,SECClasS,2021-06-25T00:00:00.000+00:100,1.12,1,Complexos,,3,30,40,6,,Co_30_40_06,Bakeries,Padarias,false,,Genérico,
102,SECClasS,2021-06-25T00:00:00.000+00:101,1.12,1,Complexos,,3,30,40,8,,Co_30_40_08,Breweries,Fábricas de cerveja,false,,Genérico,
103,SECClasS,2021-06-25T00:00:00.000+00:102,1.12,1,Complexos,,3,30,40,11,,Co_30_40_11,Canneries,Fábricas de conservas,false,,Genérico,
104,SECClasS,2021-06-25T00:00:00.000+00:103,1.12,1,Complexos,,3,30,40,22,,Co_30_40_22,Distilleries,Destilarias,false,,Genérico,
105,SECClasS,2021-06-25T00:00:00.000+00:104,1.12,1,Complexos,,3,30,40,30,,Co_30_40_30,Fish processing complexes,Complexos de processamento de peixe,false,,Genérico,
106,SECClasS,2021-06-25T00:00:00.000+00:105,1.12,1,Complexos,,3,30,40,40,,Co_30_40_40,Horticultural crop processing complexes,Complexos de processamento de hortícolas,false,,Genérico,
107,SECClasS,2021-06-25T00:00:00.000+00:106,1.12,1,Complexos,,3,30,40,55,,Co_30_40_55,Mills,Moinhos,false,,Genérico,
108,SECClasS,2021-06-25T00:00:00.000+00:107,1.12,1,Complexos,,3,30,40,60,,Co_30_40_60,Livestock processing complexes,Complexos de processamento de gado,false,,Genérico,
109,SECClasS,2021-06-25T00:00:00.000+00:108,1.12,1,Complexos,,3,30,40,90,,Co_30_40_90,Timber processing complexes,Complexos de processamento de madeira,false,,Genérico,
110,SECClasS,2021-06-25T00:00:00.000+00:109,1.12,1,Complexos,,3,30,40,96,,Co_30_40_96,Wineries,Complexos vitivinícolas,false,,Genérico,
111,SECClasS,2021-06-25T00:00:00.000+00:110,1.12,1,Complexos,,2,30,50,,,Co_30_50,Manufacturing complexes,Complexos industriais,false,,Genérico,
112,SECClasS,2021-06-25T00:00:00.000+00:111,1.12,1,Complexos,,3,30,50,37,,Co_30_50_37,Heavy manufacturing complexes,Complexos industriais de produção pesada,false,,Genérico,
113,SECClasS,2021-06-25T00:00:00.000+00:112,1.12,1,Complexos,,3,30,50,41,,Co_30_50_41,Industrial parks,Parques industriais,false,,Genérico,
114,SECClasS,2021-06-25T00:00:00.000+00:113,1.12,1,Complexos,,3,30,50,47,,Co_30_50_47,Light manufacturing complexes,Complexos industriais de produção ligeira,false,,Genérico,
115,SECClasS,2021-06-25T00:00:00.000+00:114,1.12,1,Complexos,,3,30,50,77,,Co_30_50_77,Ship and boat building yards,Estaleiros navais,false,,Genérico,
116,SECClasS,2021-06-25T00:00:00.000+00:115,1.12,1,Complexos,,2,30,60,,,Co_30_60,Cleaning and maintenance complexes,Complexos de limpeza e de manutenção,false,,Genérico,
117,SECClasS,2021-06-25T00:00:00.000+00:116,1.12,1,Complexos,,3,30,60,15,,Co_30_60_15,Commercial laundries,Lavandarias comerciais,false,,Genérico,
118,SECClasS,2021-06-25T00:00:00.000+00:117,1.12,1,Complexos,,3,30,60,94,,Co_30_60_94,Vehicle cleaning complexes,Complexos de limpeza de veículos,false,,Genérico,
119,SECClasS,2021-06-25T00:00:00.000+00:118,1.12,1,Complexos,,2,30,80,,,Co_30_80,Mechanical power generation complexes,Complexos de geração de energia mecânica,false,,Genérico,
120,SECClasS,2021-06-25T00:00:00.000+00:119,1.12,1,Complexos,,3,30,80,10,,Co_30_80_10,Kinetic power generation complexes,Complexos de geração de energia cinética,false,,Genérico,
121,SECClasS,2021-06-25T00:00:00.000+00:120,1.12,1,Complexos,,2,30,85,,,Co_30_85,Marine and water maintenance complexes,Complexos de manutenção marinhos e aquáticos,false,,Genérico,
122,SECClasS,2021-06-25T00:00:00.000+00:121,1.12,1,Complexos,,2,30,90,,,Co_30_90,Warehousing and distribution complexes,Complexos de armazenagem e distribuição,false,,Genérico,
123,SECClasS,2021-06-25T00:00:00.000+00:122,1.12,1,Complexos,,1,32,,,,Co_32,Water and land management complexes,Complexos de gestão de água e território,false,,Genérico,
124,SECClasS,2021-06-25T00:00:00.000+00:123,1.12,1,Complexos,,2,32,10,,,Co_32_10,Agricultural and horticultural complexes,Complexos agrícolas e hortícolas,false,,Genérico,
125,SECClasS,2021-06-25T00:00:00.000+00:124,1.12,1,Complexos,,3,32,10,2,,Co_32_10_02,Arable farms,Explorações agrícolas,false,,Genérico,
126,SECClasS,2021-06-25T00:00:00.000+00:125,1.12,1,Complexos,,3,32,10,15,,Co_32_10_15,Crofts,Quintas,false,,Genérico,
127,SECClasS,2021-06-25T00:00:00.000+00:126,1.12,1,Complexos,,3,32,10,28,,Co_32_10_28,Fish farms,Complexos de aquacultura,false,,Genérico,
128,SECClasS,2021-06-25T00:00:00.000+00:127,1.12,1,Complexos,,3,32,10,30,,Co_32_10_30,Fish hatcheries,Viveiros de peixe,false,,Genérico,
129,SECClasS,2021-06-25T00:00:00.000+00:128,1.12,1,Complexos,,3,32,10,39,,Co_32_10_39,Horticultural nurseries,Viveiros hortícolas,false,,Genérico,
130,SECClasS,2021-06-25T00:00:00.000+00:129,1.12,1,Complexos,,3,32,10,46,,Co_32_10_46,Livestock farms,Explorações pecuárias,false,,Genérico,
131,SECClasS,2021-06-25T00:00:00.000+00:130,1.12,1,Complexos,,3,32,10,50,,Co_32_10_50,Managed forests,Florestas sob gestão,false,,Genérico,
132,SECClasS,2021-06-25T00:00:00.000+00:131,1.12,1,Complexos,,3,32,10,58,,Co_32_10_58,Orchards,Pomares,false,,Genérico,
133,SECClasS,2021-06-25T00:00:00.000+00:132,1.12,1,Complexos,,3,32,10,94,,Co_32_10_94,Vineyards,Vinhas,false,,Genérico,
134,SECClasS,2021-06-25T00:00:00.000+00:133,1.12,1,Complexos,,2,32,20,,,Co_32_20,Designated areas,Áreas designadas,false,,Genérico,
135,SECClasS,2021-06-25T00:00:00.000+00:134,1.12,1,Complexos,,3,32,20,4,,Co_32_20_04,Areas of special architectural or historical interest,Áreas de especial interesse arquitectónico ou histórico,false,,Genérico,
136,SECClasS,2021-06-25T00:00:00.000+00:135,1.12,1,Complexos,,3,32,20,17,,Co_32_20_17,Commons,Baldios,false,,Genérico,
137,SECClasS,2021-06-25T00:00:00.000+00:136,1.12,1,Complexos,,3,32,20,22,,Co_32_20_22,Designated archaeological sites,Sítios arqueológicos,false,,Genérico,
138,SECClasS,2021-06-25T00:00:00.000+00:137,1.12,1,Complexos,,3,32,20,23,,Co_32_20_23,Designated nature reserves,Reservas naturais,false,,Genérico,
139,SECClasS,2021-06-25T00:00:00.000+00:138,1.12,1,Complexos,,3,32,20,57,,Co_32_20_57,National parks,Parques nacionais,false,,Genérico,
140,SECClasS,2021-06-25T00:00:00.000+00:139,1.12,1,Complexos,,2,32,50,,,Co_32_50,Marine ways and waterway complexes,Complexos de navegação marinha e náutica,false,,Genérico,
141,SECClasS,2021-06-25T00:00:00.000+00:140,1.12,1,Complexos,,3,32,50,11,,Co_32_50_11,Causeways,Passadiços,false,,Genérico,
142,SECClasS,2021-06-25T00:00:00.000+00:141,1.12,1,Complexos,,3,32,50,48,,Co_32_50_48,Lighthouse complexes,Faróis,false,,Genérico,
143,SECClasS,2021-06-25T00:00:00.000+00:142,1.12,1,Complexos,,3,32,50,94,,Co_32_50_94,Vessel berthing complexes,Complexos de atracagem de embarcações,false,,Genérico,
144,SECClasS,2021-06-25T00:00:00.000+00:143,1.12,1,Complexos,,3,32,50,95,,Co_32_50_95,Vessel launching complexes,Complexos de lançamento de embarcações,false,,Genérico,
145,SECClasS,2021-06-25T00:00:00.000+00:144,1.12,1,Complexos,,2,32,55,,,Co_32_55,Marine and water protection complexes,Complexos marinhos e de protecção aquática,false,,Genérico,
146,SECClasS,2021-06-25T00:00:00.000+00:145,1.12,1,Complexos,,3,32,55,20,,Co_32_55_20,Coastal protection complexes,Complexos de protecção costeira,false,,Genérico,
147,SECClasS,2021-06-25T00:00:00.000+00:146,1.12,1,Complexos,,3,32,55,27,,Co_32_55_27,Erosion protection complexes,Complexos de protecção contra a erosão,false,,Genérico,
148,SECClasS,2021-06-25T00:00:00.000+00:147,1.12,1,Complexos,,3,32,55,30,,Co_32_55_30,Flood protection complexes,Complexos de protecção contra inundações,false,,Genérico,
149,SECClasS,2021-06-25T00:00:00.000+00:148,1.12,1,Complexos,,2,32,65,,,Co_32_65,Natural areas,Áreas naturais,false,,Genérico,
150,SECClasS,2021-06-25T00:00:00.000+00:149,1.12,1,Complexos,,3,32,65,4,,Co_32_65_04,Aquifers,Aquíferos,false,,Genérico,
151,SECClasS,2021-06-25T00:00:00.000+00:150,1.12,1,Complexos,,3,32,65,15,,Co_32_65_15,Cliffs,Falésias,false,,Genérico,
152,SECClasS,2021-06-25T00:00:00.000+00:151,1.12,1,Complexos,,3,32,65,16,,Co_32_65_16,Coastal zones,Zonas costeiras,false,,Genérico,
153,SECClasS,2021-06-25T00:00:00.000+00:152,1.12,1,Complexos,,3,32,65,22,,Co_32_65_22,Deserts,Desertos,false,,Genérico,
154,SECClasS,2021-06-25T00:00:00.000+00:153,1.12,1,Complexos,,3,32,65,27,,Co_32_65_27,Estuaries,Estuários,false,,Genérico,
155,SECClasS,2021-06-25T00:00:00.000+00:154,1.12,1,Complexos,,3,32,65,30,,Co_32_65_30,Forests,Florestas,false,,Genérico,
156,SECClasS,2021-06-25T00:00:00.000+00:155,1.12,1,Complexos,,3,32,65,38,,Co_32_65_38,Hills,Colinas,false,,Genérico,
157,SECClasS,2021-06-25T00:00:00.000+00:156,1.12,1,Complexos,,3,32,65,46,,Co_32_65_46,Lakes,Lagos,false,,Genérico,
158,SECClasS,2021-06-25T00:00:00.000+00:157,1.12,1,Complexos,,3,32,65,54,,Co_32_65_54,Mountains,Montanhas,false,,Genérico,
159,SECClasS,2021-06-25T00:00:00.000+00:158,1.12,1,Complexos,,3,32,65,64,,Co_32_65_64,Ponds,Charcos,false,,Genérico,
160,SECClasS,2021-06-25T00:00:00.000+00:159,1.12,1,Complexos,,3,32,65,72,,Co_32_65_72,Rivers,Rios,false,,Genérico,
161,SECClasS,2021-06-25T00:00:00.000+00:160,1.12,1,Complexos,,3,32,65,75,,Co_32_65_75,Salt marshes,Sapal,false,,Genérico,
162,SECClasS,2021-06-25T00:00:00.000+00:161,1.12,1,Complexos,,3,32,65,79,,Co_32_65_79,Seasonal wetlands,Zonas húmidas sazonais,false,,Genérico,
163,SECClasS,2021-06-25T00:00:00.000+00:162,1.12,1,Complexos,,3,32,65,82,,Co_32_65_82,Springs,Fontes,false,,Genérico,
164,SECClasS,2021-06-25T00:00:00.000+00:163,1.12,1,Complexos,,3,32,65,85,,Co_32_65_85,"Streams, brooks and burns","Linhas de água, ribeiros e riachos",false,,Genérico,
165,SECClasS,2021-06-25T00:00:00.000+00:164,1.12,1,Complexos,,3,32,65,96,,Co_32_65_96,Woodlands,Matas,false,,Genérico,
166,SECClasS,2021-06-25T00:00:00.000+00:165,1.12,1,Complexos,,2,32,85,,,Co_32_85,Water control and retaining complexes,Complexos de retenção e controlo de água,false,,Genérico,
167,SECClasS,2021-06-25T00:00:00.000+00:166,1.12,1,Complexos,,3,32,85,50,,Co_32_85_50,Lock complexes,Eclusas,false,,Genérico,
168,SECClasS,2021-06-25T00:00:00.000+00:167,1.12,1,Complexos,,3,32,85,70,,Co_32_85_70,Reservoirs,Reservatórios,false,,Genérico,
169,SECClasS,2021-06-25T00:00:00.000+00:168,1.12,1,Complexos,,3,32,85,88,,Co_32_85_88,Tidal barriers,Barreiras de maré,false,,Genérico,
170,SECClasS,2021-06-25T00:00:00.000+00:169,1.12,1,Complexos,,3,32,85,96,,Co_32_85_96,Water control complexes,Estações de controlo de água,false,,Genérico,
171,SECClasS,2021-06-25T00:00:00.000+00:170,1.12,1,Complexos,,3,32,85,97,,Co_32_85_97,Water level and flow monitoring complexes,Estações de monitorização de nível e caudal,false,,Genérico,
172,SECClasS,2021-06-25T00:00:00.000+00:171,1.12,1,Complexos,,3,32,85,98,,Co_32_85_98,Water pumping complexes,Estações de bombagem de água,false,,Genérico,
173,SECClasS,2021-06-25T00:00:00.000+00:172,1.12,1,Complexos,,1,35,,,,Co_35,"Medical, health, welfare and sanitary complexes","Complexos médicos, de saúde, bem-estar e sanitários",false,,Genérico,
174,SECClasS,2021-06-25T00:00:00.000+00:173,1.12,1,Complexos,,2,35,10,,,Co_35_10,Medical complexes,Complexos médicos,false,,Genérico,
175,SECClasS,2021-06-25T00:00:00.000+00:174,1.12,1,Complexos,,3,35,10,2,,Co_35_10_02,Air ambulance complexes,Complexos de ambulâncias aéreas,false,,Genérico,
176,SECClasS,2021-06-25T00:00:00.000+00:175,1.12,1,Complexos,,3,35,10,3,,Co_35_10_03,Ambulance complexes,Complexos para ambulâncias,false,,Genérico,
177,SECClasS,2021-06-25T00:00:00.000+00:176,1.12,1,Complexos,,3,35,10,15,,Co_35_10_15,Clinical complexes,Complexos clínicos e de edifícios de saúde,false,,Genérico,
178,SECClasS,2021-06-25T00:00:00.000+00:177,1.12,1,Complexos,,3,35,10,37,,Co_35_10_37,Hospital complexes,Complexos hospitalares,false,,Genérico,
179,SECClasS,2021-06-25T00:00:00.000+00:178,1.12,1,Complexos,,2,35,50,,,Co_35_50,Welfare complexes,Complexos de Assistência Social,false,,Genérico,
180,SECClasS,2021-06-25T00:00:00.000+00:179,1.12,1,Complexos,,3,35,50,30,,Co_35_50_30,Fitness and detox complexes,Ginásios,false,,Genérico,
181,SECClasS,2021-06-25T00:00:00.000+00:180,1.12,1,Complexos,,3,35,50,37,,Co_35_50_37,Hospices,Lares de 3ª idade,false,,Genérico,
182,SECClasS,2021-06-25T00:00:00.000+00:181,1.12,1,Complexos,,3,35,50,58,,Co_35_50_58,Nursing homes,Casas de repouso,false,,Genérico,
183,SECClasS,2021-06-25T00:00:00.000+00:182,1.12,1,Complexos,,3,35,50,69,,Co_35_50_69,Quarantine stations,Estações de quarentena,false,,Genérico,
184,SECClasS,2021-06-25T00:00:00.000+00:183,1.12,1,Complexos,,3,35,50,82,,Co_35_50_82,Spa complexes,Complexos termais,false,,Genérico,
185,SECClasS,2021-06-25T00:00:00.000+00:184,1.12,1,Complexos,,3,35,50,90,,Co_35_50_90,Turkish baths,Banhos turcos,false,,Genérico,
186,SECClasS,2021-06-25T00:00:00.000+00:185,1.12,1,Complexos,,2,35,70,,,Co_35_70,Funerary complexes,Complexos funerários,false,,Genérico,
187,SECClasS,2021-06-25T00:00:00.000+00:186,1.12,1,Complexos,,3,35,70,13,,Co_35_70_13,Cemeteries,Cemitérios,false,,Genérico,
188,SECClasS,2021-06-25T00:00:00.000+00:187,1.12,1,Complexos,,3,35,70,16,,Co_35_70_16,Crematoriums,Crematórios,false,,Genérico,
189,SECClasS,2021-06-25T00:00:00.000+00:188,1.12,1,Complexos,,3,35,70,32,,Co_35_70_32,Funeral complexes,Complexos funerários,false,,Genérico,
190,SECClasS,2021-06-25T00:00:00.000+00:189,1.12,1,Complexos,,2,35,85,,,Co_35_85,Animal complexes,Complexos para animais,false,,Genérico,
191,SECClasS,2021-06-25T00:00:00.000+00:190,1.12,1,Complexos,,3,35,85,2,,Co_35_85_02,Animal cage complexes,Complexos para animais enjaulados,false,,Genérico,
192,SECClasS,2021-06-25T00:00:00.000+00:191,1.12,1,Complexos,,3,35,85,3,,Co_35_85_03,Animal pen complexes,Currais,false,,Genérico,
193,SECClasS,2021-06-25T00:00:00.000+00:192,1.12,1,Complexos,,3,35,85,4,,Co_35_85_04,Aquariums,Aquários,false,,Genérico,
194,SECClasS,2021-06-25T00:00:00.000+00:193,1.12,1,Complexos,,3,35,85,5,,Co_35_85_05,Aviary complexes,Aviários,false,,Genérico,
195,SECClasS,2021-06-25T00:00:00.000+00:194,1.12,1,Complexos,,3,35,85,45,,Co_35_85_45,Kennel complexes,Canis,false,,Genérico,
196,SECClasS,2021-06-25T00:00:00.000+00:195,1.12,1,Complexos,,3,35,85,85,,Co_35_85_85,Stable complexes,Estábulos,false,,Genérico,
197,SECClasS,2021-06-25T00:00:00.000+00:196,1.12,1,Complexos,,2,35,90,,,Co_35_90,"Animal medical, health, welfare, funerary and sanitary complexes",Complexos de tratamento animal,false,,Genérico,
198,SECClasS,2021-06-25T00:00:00.000+00:197,1.12,1,Complexos,,3,35,90,2,,Co_35_90_02,Animal funerary complexes,Complexos funerários para animais,false,,Genérico,
199,SECClasS,2021-06-25T00:00:00.000+00:198,1.12,1,Complexos,,3,35,90,3,,Co_35_90_03,Animal quarantine stations,Estações de quarentena animal,false,,Genérico,
200,SECClasS,2021-06-25T00:00:00.000+00:199,1.12,1,Complexos,,3,35,90,95,,Co_35_90_95,Veterinary hospitals,Hospitais veterinários,false,,Genérico,
201,SECClasS,2021-06-25T00:00:00.000+00:200,1.12,1,Complexos,,1,40,,,,Co_40,Recreational complexes,Complexos recreativos,false,,Genérico,
202,SECClasS,2021-06-25T00:00:00.000+00:201,1.12,1,Complexos,,2,40,5,,,Co_40_05,Amusement complexes,Complexos de diversão,false,,Genérico,
203,SECClasS,2021-06-25T00:00:00.000+00:202,1.12,1,Complexos,,3,40,5,2,,Co_40_05_02,Amphitheatres,Anfiteatros,false,,Genérico,
204,SECClasS,2021-06-25T00:00:00.000+00:203,1.12,1,Complexos,,3,40,5,3,,Co_40_05_03,Amusement parks,Parques de diversão,false,,Genérico,
205,SECClasS,2021-06-25T00:00:00.000+00:204,1.12,1,Complexos,,3,40,5,27,,Co_40_05_27,E-sport complexes,Complexos de E-sport,false,,Genérico,
206,SECClasS,2021-06-25T00:00:00.000+00:205,1.12,1,Complexos,,3,40,5,30,,Co_40_05_30,Fairground complexes,Feiras populares,false,,Genérico,
207,SECClasS,2021-06-25T00:00:00.000+00:206,1.12,1,Complexos,,3,40,5,63,,Co_40_05_63,Pleasure piers,Cais de recreio,false,,Genérico,
208,SECClasS,2021-06-25T00:00:00.000+00:207,1.12,1,Complexos,,3,40,5,89,,Co_40_05_89,Theme parks,Parques temáticos,false,,Genérico,
209,SECClasS,2021-06-25T00:00:00.000+00:208,1.12,1,Complexos,,2,40,35,,,Co_40_35,Historic complexes,Complexos históricos,false,,Genérico,
210,SECClasS,2021-06-25T00:00:00.000+00:209,1.12,1,Complexos,,3,40,35,6,,Co_40_35_06,Battle sites,Locais de batalha,false,,Genérico,
211,SECClasS,2021-06-25T00:00:00.000+00:210,1.12,1,Complexos,,3,40,35,39,,Co_40_35_39,Historic sites,Sítios históricos,false,,Genérico,
212,SECClasS,2021-06-25T00:00:00.000+00:211,1.12,1,Complexos,,3,40,35,78,,Co_40_35_78,Sites of antiquity,Sitios da antiguidade,false,,Genérico,
213,SECClasS,2021-06-25T00:00:00.000+00:212,1.12,1,Complexos,,3,40,35,94,,Co_40_35_94,Visible earthworks,Terraplenagens visíveis,false,,Genérico,
214,SECClasS,2021-06-25T00:00:00.000+00:213,1.12,1,Complexos,,2,40,60,,,Co_40_60,Performing arts complexes,Complexos para artes performativas,false,,Genérico,
215,SECClasS,2021-06-25T00:00:00.000+00:214,1.12,1,Complexos,,3,40,60,13,,Co_40_60_13,Cinema complexes,Complexos de cinemas,false,,Genérico,
216,SECClasS,2021-06-25T00:00:00.000+00:215,1.12,1,Complexos,,3,40,60,14,,Co_40_60_14,Circuses,Circos,false,,Genérico,
217,SECClasS,2021-06-25T00:00:00.000+00:216,1.12,1,Complexos,,3,40,60,16,,Co_40_60_16,Concert hall complexes,Complexos de salas de concertos,false,,Genérico,
218,SECClasS,2021-06-25T00:00:00.000+00:217,1.12,1,Complexos,,3,40,60,30,,Co_40_60_30,Film and television studio complexes,Complexos de estúdios de cinema e televisão,false,,Genérico,
219,SECClasS,2021-06-25T00:00:00.000+00:218,1.12,1,Complexos,,3,40,60,88,,Co_40_60_88,Theatre complexes,Teatros,false,,Genérico,
220,SECClasS,2021-06-25T00:00:00.000+00:219,1.12,1,Complexos,,2,40,75,,,Co_40_75,Social recreation complexes,Complexos de animação social,false,,Genérico,
221,SECClasS,2021-06-25T00:00:00.000+00:220,1.12,1,Complexos,,3,40,75,15,,Co_40_75_15,Community centres,Centros comunitários,false,,Genérico,
222,SECClasS,2021-06-25T00:00:00.000+00:221,1.12,1,Complexos,,3,40,75,17,,Co_40_75_17,Country parks,Parques rurais,false,,Genérico,
223,SECClasS,2021-06-25T00:00:00.000+00:222,1.12,1,Complexos,,3,40,75,68,,Co_40_75_68,Public parks,Parques públicos,false,,Genérico,
224,SECClasS,2021-06-25T00:00:00.000+00:223,1.12,1,Complexos,,3,40,75,71,,Co_40_75_71,Recreation grounds,Locais recreativos,false,,Genérico,
225,SECClasS,2021-06-25T00:00:00.000+00:224,1.12,1,Complexos,,1,42,,,,Co_42,Sport and activity complexes,Complexos para prática ddesportiva e atividades,false,,Genérico,
226,SECClasS,2021-06-25T00:00:00.000+00:225,1.12,1,Complexos,,2,42,40,,,Co_42_40,Indoor activity complexes,Complexos de actividades cobertos,false,,Genérico,
227,SECClasS,2021-06-25T00:00:00.000+00:226,1.12,1,Complexos,,3,42,40,10,,Co_42_40_10,Indoor athletics stadiums,Pistas de atletismo cobertas,false,,Genérico,
228,SECClasS,2021-06-25T00:00:00.000+00:227,1.12,1,Complexos,,3,42,40,40,,Co_42_40_40,Indoor sports complexes,Complexos desportivos cobertos,false,,Genérico,
229,SECClasS,2021-06-25T00:00:00.000+00:228,1.12,1,Complexos,,2,42,50,,,Co_42_50,Outdoor activity complexes,Complexos de actividades ao ar livre,false,,Genérico,
230,SECClasS,2021-06-25T00:00:00.000+00:229,1.12,1,Complexos,,3,42,50,10,,Co_42_50_10,Outdoor stadiums,Estádio ao ar livre,false,,Genérico,
231,SECClasS,2021-06-25T00:00:00.000+00:230,1.12,1,Complexos,,3,42,50,25,,Co_42_50_25,Equine sports complexes,Hipódromo,false,,Genérico,
232,SECClasS,2021-06-25T00:00:00.000+00:231,1.12,1,Complexos,,3,42,50,30,,Co_42_50_30,Golf courses,Campos de golfe,false,,Genérico,
233,SECClasS,2021-06-25T00:00:00.000+00:232,1.12,1,Complexos,,3,42,50,50,,Co_42_50_50,Motor sports complexes,Autódromos,false,,Genérico,
234,SECClasS,2021-06-25T00:00:00.000+00:233,1.12,1,Complexos,,3,42,50,60,,Co_42_50_60,Outdoor sports complexes,Complexos desportivos ao ar livre,false,,Genérico,
235,SECClasS,2021-06-25T00:00:00.000+00:234,1.12,1,Complexos,,3,42,50,70,,Co_42_50_70,Racehorse gallops,Pistas de corrida de cavalos ,false,,Genérico,
236,SECClasS,2021-06-25T00:00:00.000+00:235,1.12,1,Complexos,,3,42,50,95,,Co_42_50_95,Winter sport complexes,Complexos desportivos de inverno,false,,Genérico,
237,SECClasS,2021-06-25T00:00:00.000+00:236,1.12,1,Complexos,,2,42,85,,,Co_42_85,Swimming complexes,Complexos aquáticos e de natação,false,,Genérico,
238,SECClasS,2021-06-25T00:00:00.000+00:237,1.12,1,Complexos,,3,42,85,40,,Co_42_85_40,Indoor swimming pool complexes,Complexos de piscinas cobertas,false,,Genérico,
239,SECClasS,2021-06-25T00:00:00.000+00:238,1.12,1,Complexos,,3,42,85,60,,Co_42_85_60,Outdoor swimming pool complexes,Complexos de piscinas ao ar livre,false,,Genérico,
240,SECClasS,2021-06-25T00:00:00.000+00:239,1.12,1,Complexos,,3,42,85,96,,Co_42_85_96,Water parks,Parques aquáticos,false,,Genérico,
241,SECClasS,2021-06-25T00:00:00.000+00:240,1.12,1,Complexos,,1,45,,,,Co_45,Residential complexes,Complexos residenciais,false,,Genérico,
242,SECClasS,2021-06-25T00:00:00.000+00:241,1.12,1,Complexos,,2,45,10,,,Co_45_10,Living complexes,Complexos habitacionais,false,,Genérico,
243,SECClasS,2021-06-25T00:00:00.000+00:242,1.12,1,Complexos,,3,45,10,11,,Co_45_10_11,Campsites,Parques de campismo,false,,Genérico,
244,SECClasS,2021-06-25T00:00:00.000+00:243,1.12,1,Complexos,,3,45,10,12,,Co_45_10_12,Caravan parks,Parques de caravanismo,false,,Genérico,
245,SECClasS,2021-06-25T00:00:00.000+00:244,1.12,1,Complexos,,3,45,10,15,,Co_45_10_15,Convents and monasteries,Conventos e mosteiros,false,,Genérico,
246,SECClasS,2021-06-25T00:00:00.000+00:245,1.12,1,Complexos,,3,45,10,27,,Co_45_10_27,Emergency camps,Acampamentos de emergência,false,,Genérico,
247,SECClasS,2021-06-25T00:00:00.000+00:246,1.12,1,Complexos,,3,45,10,35,,Co_45_10_35,Halls of residence,Residências de estudantes,false,,Genérico,
248,SECClasS,2021-06-25T00:00:00.000+00:247,1.12,1,Complexos,,3,45,10,36,,Co_45_10_36,High-rise residential complexes,Complexos residenciais em altura,false,,Genérico,
249,SECClasS,2021-06-25T00:00:00.000+00:248,1.12,1,Complexos,,3,45,10,37,,Co_45_10_37,Hostels,Hostels,false,,Genérico,
250,SECClasS,2021-06-25T00:00:00.000+00:249,1.12,1,Complexos,,3,45,10,38,,Co_45_10_38,Hotels,Hotéis,false,,Genérico,
251,SECClasS,2021-06-25T00:00:00.000+00:250,1.12,1,Complexos,,3,45,10,40,,Co_45_10_40,Houses in multiple occupation,Casas de ocupação múltipla,false,,Genérico,
252,SECClasS,2021-06-25T00:00:00.000+00:251,1.12,1,Complexos,,3,45,10,41,,Co_45_10_41,Housing estates,Conjuntos habitacionais,false,,Genérico,
253,SECClasS,2021-06-25T00:00:00.000+00:252,1.12,1,Complexos,,3,45,10,51,,Co_45_10_51,Military camps,Acampamentos militares,false,,Genérico,
254,SECClasS,2021-06-25T00:00:00.000+00:253,1.12,1,Complexos,,3,45,10,54,,Co_45_10_54,Motels,Motéis,false,,Genérico,
255,SECClasS,2021-06-25T00:00:00.000+00:254,1.12,1,Complexos,,3,45,10,72,,Co_45_10_72,Religious retreats,Retiros religiosos,false,,Genérico,
256,SECClasS,2021-06-25T00:00:00.000+00:255,1.12,1,Complexos,,3,45,10,74,,Co_45_10_74,Residential properties,Propriedades residenciais,false,,Genérico,
257,SECClasS,2021-06-25T00:00:00.000+00:256,1.12,1,Complexos,,3,45,10,78,,Co_45_10_78,Sheltered housing,Residências assistidas,false,,Genérico,
258,SECClasS,2021-06-25T00:00:00.000+00:257,1.12,1,Complexos,,3,45,10,98,,Co_45_10_98,Youth group camps,Acampamentos de jovens,false,,Genérico,
259,SECClasS,2021-06-25T00:00:00.000+00:258,1.12,1,Complexos,,1,50,,,,Co_50,Waste disposal complexes,Complexos de eliminação de resíduos,false,,Genérico,
260,SECClasS,2021-06-25T00:00:00.000+00:259,1.12,1,Complexos,,2,50,20,,,Co_50_20,Non-aqueous waste collection and distribution complexes,Complexos de recolha e distribuição de resíduos não-aquosos,false,,Genérico,
261,SECClasS,2021-06-25T00:00:00.000+00:260,1.12,1,Complexos,,2,50,30,,,Co_50_30,Drainage collection complexes,Complexos recolha de drenagem ,false,,Genérico,
262,SECClasS,2021-06-25T00:00:00.000+00:261,1.12,1,Complexos,,3,50,30,25,,Co_50_30_25,Drainage collection networks,Redes de recolha de drenagem,false,,Genérico,
263,SECClasS,2021-06-25T00:00:00.000+00:262,1.12,1,Complexos,,2,50,35,,,Co_50_35,Wastewater collection complexes,Complexos de recolha de águas residuais,false,,Genérico,
264,SECClasS,2021-06-25T00:00:00.000+00:263,1.12,1,Complexos,,3,50,35,15,,Co_50_35_15,Combined wastewater collection networks,Redes de recolha de águas residuais com sistema unitário,false,,Genérico,
265,SECClasS,2021-06-25T00:00:00.000+00:264,1.12,1,Complexos,,3,50,35,85,,Co_50_35_85,Surface water collection networks,Redes de recolha de água de superfície,false,,Genérico,
266,SECClasS,2021-06-25T00:00:00.000+00:265,1.12,1,Complexos,,3,50,35,96,,Co_50_35_96,Wastewater collection networks,Redes de recolha de águas residuais,false,,Genérico,
267,SECClasS,2021-06-25T00:00:00.000+00:266,1.12,1,Complexos,,2,50,40,,,Co_50_40,Dry waste collection and distribution complexes,Complexos de recolha e distribuição de resíduos sólidos,false,,Genérico,
268,SECClasS,2021-06-25T00:00:00.000+00:267,1.12,1,Complexos,,3,50,40,10,,Co_50_40_10,Dry waste collection complexes,Complexos de recolha de resíduos sólidos,false,,Genérico,
269,SECClasS,2021-06-25T00:00:00.000+00:268,1.12,1,Complexos,,3,50,40,50,,Co_50_40_50,Dry waste distribution complexes,Complexos de distribuição de resíduos sólidos,false,,Genérico,
270,SECClasS,2021-06-25T00:00:00.000+00:269,1.12,1,Complexos,,2,50,60,,,Co_50_60,Non-aqueous waste treatment and disposal complexes,Complexos de tratamento e eliminação de resíduos não-aquosos,false,,Genérico,
271,SECClasS,2021-06-25T00:00:00.000+00:270,1.12,1,Complexos,,2,50,70,,,Co_50_70,"Drainage storage, treatment and disposal complexes",Complexos de drenagem e eliminação de águas residuais ,false,,Genérico,
272,SECClasS,2021-06-25T00:00:00.000+00:271,1.12,1,Complexos,,3,50,70,25,,Co_50_70_25,Drainage disposal networks,Redes de esgoto,false,,Genérico,
273,SECClasS,2021-06-25T00:00:00.000+00:272,1.12,1,Complexos,,2,50,75,,,Co_50_75,"Wastewater storage, treatment and disposal complexes",Complexos de armazenagem e tratamento de águas residuais,false,,Genérico,
274,SECClasS,2021-06-25T00:00:00.000+00:273,1.12,1,Complexos,,3,50,75,25,,Co_50_75_25,Wastewater disposal complexes,Complexos de eliminação de águas residuais,false,,Genérico,
275,SECClasS,2021-06-25T00:00:00.000+00:274,1.12,1,Complexos,,3,50,75,85,,Co_50_75_85,Wastewater storage complexes,Complexos de armazenagem de águas residuais,false,,Genérico,
276,SECClasS,2021-06-25T00:00:00.000+00:275,1.12,1,Complexos,,3,50,75,90,,Co_50_75_90,Wastewater treatment complexes,Complexos de tratamento de águas residuais,false,,Genérico,
277,SECClasS,2021-06-25T00:00:00.000+00:276,1.12,1,Complexos,,2,50,80,,,Co_50_80,"Dry waste storage, treatment and disposal complexes","Complexos de armazenagem, tratamento e eliminação de resíduos sólidos",false,,Genérico,
278,SECClasS,2021-06-25T00:00:00.000+00:277,1.12,1,Complexos,,3,50,80,24,,Co_50_80_24,Dry waste storage complexes,Complexos de armazenagem de resíduos sólidos,false,,Genérico,
279,SECClasS,2021-06-25T00:00:00.000+00:278,1.12,1,Complexos,,3,50,80,40,,Co_50_80_40,Dry waste treatment complexes,Complexos de tratamento de resíduos sólidos,false,,Genérico,
280,SECClasS,2021-06-25T00:00:00.000+00:279,1.12,1,Complexos,,3,50,80,70,,Co_50_80_70,Dry waste disposal complexes,Complexos de eliminação de resíduos sólidos,false,,Genérico,
281,SECClasS,2021-06-25T00:00:00.000+00:280,1.12,1,Complexos,,1,55,,,,Co_55,Piped supply complexes,Complexos de fornecimento canalizado,false,,Genérico,
282,SECClasS,2021-06-25T00:00:00.000+00:281,1.12,1,Complexos,,2,55,5,,,Co_55_05,"Gas extraction, storage and treatment complexes","Complexos de extração, armazenagem e tratamento de gás",false,,Genérico,
283,SECClasS,2021-06-25T00:00:00.000+00:282,1.12,1,Complexos,,3,55,5,30,,Co_55_05_30,Gas extraction complexes,Complexos de extração de gás,false,,Genérico,
284,SECClasS,2021-06-25T00:00:00.000+00:283,1.12,1,Complexos,,3,55,5,34,,Co_55_05_34,Gas storage complexes,Complexos de armazenagem de gás,false,,Genérico,
285,SECClasS,2021-06-25T00:00:00.000+00:284,1.12,1,Complexos,,3,55,5,70,,Co_55_05_70,Gas treatment complexes,Complexos de tratamento de gás,false,,Genérico,
286,SECClasS,2021-06-25T00:00:00.000+00:285,1.12,1,Complexos,,2,55,10,,,Co_55_10,"Liquid fuel extraction, storage and treatment complexes","Complexos de extracção, armazenagem e tratamento de combustível líquido",false,,Genérico,
287,SECClasS,2021-06-25T00:00:00.000+00:286,1.12,1,Complexos,,3,55,10,40,,Co_55_10_40,Oil extraction complexes,Complexos de extração de petróleo,false,,Genérico,
288,SECClasS,2021-06-25T00:00:00.000+00:287,1.12,1,Complexos,,3,55,10,45,,Co_55_10_45,Liquid fuel storage complexes,Complexos de armazenagem de combustível líquido,false,,Genérico,
289,SECClasS,2021-06-25T00:00:00.000+00:288,1.12,1,Complexos,,3,55,10,80,,Co_55_10_80,Oil treatment complexes,Complexos de tratamento de óleo,false,,Genérico,
290,SECClasS,2021-06-25T00:00:00.000+00:289,1.12,1,Complexos,,2,55,15,,,Co_55_15,"Water extraction, storage and treatment complexes","Complexos de extração, Armazenagem e tratamento de água",false,,Genérico,
291,SECClasS,2021-06-25T00:00:00.000+00:290,1.12,1,Complexos,,3,55,15,10,,Co_55_15_10,Water extraction complexes,"Estações de captação, elevação e filtração de água",false,,Genérico,
292,SECClasS,2021-06-25T00:00:00.000+00:291,1.12,1,Complexos,,3,55,15,15,,Co_55_15_15,Water extraction networks,Redes de extração de água,false,,Genérico,
293,SECClasS,2021-06-25T00:00:00.000+00:292,1.12,1,Complexos,,3,55,15,50,,Co_55_15_50,Water treatment complexes,Estações de tratamento de água,false,,Genérico,
294,SECClasS,2021-06-25T00:00:00.000+00:293,1.12,1,Complexos,,3,55,15,96,,Co_55_15_96,Water storage complexes,Complexos de Armazenagem de água,false,,Genérico,
295,SECClasS,2021-06-25T00:00:00.000+00:294,1.12,1,Complexos,,2,55,20,,,Co_55_20,Gas supply complexes,Complexos para fornecimento de gás,false,,Genérico,
296,SECClasS,2021-06-25T00:00:00.000+00:295,1.12,1,Complexos,,3,55,20,50,,Co_55_20_50,Gas distribution complexes,Estações de transporte de gás,false,,Genérico,
297,SECClasS,2021-06-25T00:00:00.000+00:296,1.12,1,Complexos,,3,55,20,60,,Co_55_20_60,Gas distribution networks,Redes de distribuição de gás,false,,Genérico,
298,SECClasS,2021-06-25T00:00:00.000+00:297,1.12,1,Complexos,,2,55,50,,,Co_55_50,Liquid fuel supply complexes,Complexos de abastecimento de combustíveis líquidos,false,,Genérico,
299,SECClasS,2021-06-25T00:00:00.000+00:298,1.12,1,Complexos,,3,55,50,10,,Co_55_50_10,Liquid fuel distribution complexes,Complexos de distribuição de combustíveis líquidos,false,,Genérico,
300,SECClasS,2021-06-25T00:00:00.000+00:299,1.12,1,Complexos,,3,55,50,50,,Co_55_50_50,Liquid fuel distribution networks,Redes de distribuição de combustíveis líquidos,false,,Genérico,
301,SECClasS,2021-06-25T00:00:00.000+00:300,1.12,1,Complexos,,2,55,70,,,Co_55_70,Water supply complexes,Complexos de abastecimento de água,false,,Genérico,
302,SECClasS,2021-06-25T00:00:00.000+00:301,1.12,1,Complexos,,3,55,70,20,,Co_55_70_20,Water distribution complexes,Complexos de distribuição de água,false,,Genérico,
303,SECClasS,2021-06-25T00:00:00.000+00:302,1.12,1,Complexos,,3,55,70,60,,Co_55_70_60,Water distribution networks,Redes de distribuição de água,false,,Genérico,
304,SECClasS,2021-06-25T00:00:00.000+00:303,1.12,1,Complexos,,1,60,,,,Co_60,"Heating, cooling and refrigeration complexes","Complexos de aquecimento, arrefecimento e refrigeração",false,,Genérico,
305,SECClasS,2021-06-25T00:00:00.000+00:304,1.12,1,Complexos,,2,60,10,,,Co_60_10,Heating complexes,Complexos de aquecimento,false,,Genérico,
306,SECClasS,2021-06-25T00:00:00.000+00:305,1.12,1,Complexos,,3,60,10,10,,Co_60_10_10,District heating complexes,Complexos de aquecimento urbano,false,,Genérico,
307,SECClasS,2021-06-25T00:00:00.000+00:306,1.12,1,Complexos,,2,60,40,,,Co_60_40,Cooling complexes,Complexos de arrefecimento,false,,Genérico,
308,SECClasS,2021-06-25T00:00:00.000+00:307,1.12,1,Complexos,,3,60,40,10,,Co_60_40_10,District cooling complexes,Complexos de arrefecimento urbano,false,,Genérico,
309,SECClasS,2021-06-25T00:00:00.000+00:308,1.12,1,Complexos,,1,65,,,,Co_65,Ventilation and air conditioning complexes,Complexos de ventilação e ar condicionado,false,,Genérico,
310,SECClasS,2021-06-25T00:00:00.000+00:309,1.12,1,Complexos,,1,70,,,,Co_70,Electrical power generation and distribution complexes,Complexos de geração e distribuição de energia eléctrica,false,,Genérico,
311,SECClasS,2021-06-25T00:00:00.000+00:310,1.12,1,Complexos,,2,70,10,,,Co_70_10,Electrical power generation complexes,Complexos de geração de energia eléctrica,false,,Genérico,
312,SECClasS,2021-06-25T00:00:00.000+00:311,1.12,1,Complexos,,3,70,10,8,,Co_70_10_08,Biomass power generation complexes,Complexos de geração de energia de biomassa,false,,Genérico,
313,SECClasS,2021-06-25T00:00:00.000+00:312,1.12,1,Complexos,,3,70,10,16,,Co_70_10_16,Coal power generation complexes,Complexos de geração de energia de carvão,false,,Genérico,
314,SECClasS,2021-06-25T00:00:00.000+00:313,1.12,1,Complexos,,3,70,10,17,,Co_70_10_17,Combined heat and power generation complexes,Complexos de geração combinada de calor e energia,false,,Genérico,
315,SECClasS,2021-06-25T00:00:00.000+00:314,1.12,1,Complexos,,3,70,10,33,,Co_70_10_33,Gas power generation complexes,Complexos de geração de energia de gás,false,,Genérico,
316,SECClasS,2021-06-25T00:00:00.000+00:315,1.12,1,Complexos,,3,70,10,34,,Co_70_10_34,Geothermal power generation complexes,Complexos de geração de energia geotérmica,false,,Genérico,
317,SECClasS,2021-06-25T00:00:00.000+00:316,1.12,1,Complexos,,3,70,10,38,,Co_70_10_38,Hydroelectric power generation complexes,Complexos de geração de energia hidroeléctrica,false,,Genérico,
318,SECClasS,2021-06-25T00:00:00.000+00:317,1.12,1,Complexos,,3,70,10,57,,Co_70_10_57,Nuclear power generation complexes,Complexos de geração de energia nuclear,false,,Genérico,
319,SECClasS,2021-06-25T00:00:00.000+00:318,1.12,1,Complexos,,3,70,10,58,,Co_70_10_58,Offshore wind power generation complexes,Parques éolicos offshore,false,,Genérico,
320,SECClasS,2021-06-25T00:00:00.000+00:319,1.12,1,Complexos,,3,70,10,59,,Co_70_10_59,Oil-fired power generation complexes,Complexos de geração de energia termoelétrica com combustível,false,,Genérico,
321,SECClasS,2021-06-25T00:00:00.000+00:320,1.12,1,Complexos,,3,70,10,60,,Co_70_10_60,Onshore wind power generation complexes,Parques éolicos,false,,Genérico,
322,SECClasS,2021-06-25T00:00:00.000+00:321,1.12,1,Complexos,,3,70,10,63,,Co_70_10_63,Photovoltaic power generation complexes,Complexos de geração de energia fotovoltaica,false,,Genérico,
323,SECClasS,2021-06-25T00:00:00.000+00:322,1.12,1,Complexos,,3,70,10,81,,Co_70_10_81,Solar reflector power generation complexes,Complexos de geração de energia solar por reflexão,false,,Genérico,
324,SECClasS,2021-06-25T00:00:00.000+00:323,1.12,1,Complexos,,3,70,10,88,,Co_70_10_88,Tidal power generation complexes,Complexos de geração de energia de marés,false,,Genérico,
325,SECClasS,2021-06-25T00:00:00.000+00:324,1.12,1,Complexos,,3,70,10,96,,Co_70_10_96,Wave power generation complexes,Complexos de geração de energia das ondas,false,,Genérico,
326,SECClasS,2021-06-25T00:00:00.000+00:325,1.12,1,Complexos,,2,70,30,,,Co_70_30,Electricity distribution complexes,Complexos de distribuição de energia eléctrica,false,,Genérico,
327,SECClasS,2021-06-25T00:00:00.000+00:326,1.12,1,Complexos,,3,70,30,35,,Co_70_30_35,High voltage electricity substation complexes,Complexos de subestações de electricidade de alta tensão,false,,Genérico,
328,SECClasS,2021-06-25T00:00:00.000+00:327,1.12,1,Complexos,,3,70,30,40,,Co_70_30_40,High voltage electricity networks,Redes de electricidade de alta tensão,false,,Genérico,
329,SECClasS,2021-06-25T00:00:00.000+00:328,1.12,1,Complexos,,3,70,30,45,,Co_70_30_45,Low voltage electricity substation complexes,Complexos de subestações de electricidade de baixa tensão,false,,Genérico,
330,SECClasS,2021-06-25T00:00:00.000+00:329,1.12,1,Complexos,,3,70,30,50,,Co_70_30_50,Low voltage electricity networks,Redes de electricidade de baixa tensão,false,,Genérico,
331,SECClasS,2021-06-25T00:00:00.000+00:330,1.12,1,Complexos,,1,75,,,,Co_75,"Communications, security, safety and protection complexes","Complexos de comunicações, segurança e protecção",false,,Genérico,
332,SECClasS,2021-06-25T00:00:00.000+00:331,1.12,1,Complexos,,2,75,10,,,Co_75_10,Communications complexes,Complexos de comunicações,false,,Genérico,
333,SECClasS,2021-06-25T00:00:00.000+00:332,1.12,1,Complexos,,3,75,10,10,,Co_75_10_10,Broadcast communications complexes,Complexos de transmissão de comunicações,false,,Genérico,
334,SECClasS,2021-06-25T00:00:00.000+00:333,1.12,1,Complexos,,3,75,10,20,,Co_75_10_20,Broadcast communications networks,Redes de transmissão de comunicações,false,,Genérico,
335,SECClasS,2021-06-25T00:00:00.000+00:334,1.12,1,Complexos,,3,75,10,80,,Co_75_10_80,Telecommunications complexes,Complexos de telecomunicações,false,,Genérico,
336,SECClasS,2021-06-25T00:00:00.000+00:335,1.12,1,Complexos,,3,75,10,90,,Co_75_10_90,Telecommunications networks,Redes de telecomunicações,false,,Genérico,
337,SECClasS,2021-06-25T00:00:00.000+00:336,1.12,1,Complexos,,1,80,,,,Co_80,Transport complexes,Complexos de transporte,false,,Genérico,
338,SECClasS,2021-06-25T00:00:00.000+00:337,1.12,1,Complexos,,2,80,5,,,Co_80_05,Aerospace complexes,Complexos aeroespaciais,false,,Genérico,
339,SECClasS,2021-06-25T00:00:00.000+00:338,1.12,1,Complexos,,3,80,5,2,,Co_80_05_02,Airports and airfields,Aeroportos e aeródromos,false,,Genérico,
340,SECClasS,2021-06-25T00:00:00.000+00:339,1.12,1,Complexos,,3,80,5,38,,Co_80_05_38,Heliports,Heliportos,false,,Genérico,
341,SECClasS,2021-06-25T00:00:00.000+00:340,1.12,1,Complexos,,3,80,5,84,,Co_80_05_84,Spacecraft complexes,Complexos de naves espaciais,false,,Genérico,
342,SECClasS,2021-06-25T00:00:00.000+00:341,1.12,1,Complexos,,2,80,20,,,Co_80_20,Cable transport complexes,Complexos de ascensores,false,,Genérico,
343,SECClasS,2021-06-25T00:00:00.000+00:342,1.12,1,Complexos,,3,80,20,2,,Co_80_20_02,Aerial tramway complexes,Teleféricos,false,,Genérico,
344,SECClasS,2021-06-25T00:00:00.000+00:343,1.12,1,Complexos,,3,80,20,10,,Co_80_20_10,Cable railway complexes,Ascensores por ferrovia,false,,Genérico,
345,SECClasS,2021-06-25T00:00:00.000+00:344,1.12,1,Complexos,,3,80,20,13,,Co_80_20_13,Chairlift way complexes,Teleféricos por telecadeira,false,,Genérico,
346,SECClasS,2021-06-25T00:00:00.000+00:345,1.12,1,Complexos,,3,80,20,32,,Co_80_20_32,Funicular railway complexes,Funiculares,false,,Genérico,
347,SECClasS,2021-06-25T00:00:00.000+00:346,1.12,1,Complexos,,3,80,20,34,,Co_80_20_34,Gondola lift way complexes,Teleféricos de gôndola,false,,Genérico,
348,SECClasS,2021-06-25T00:00:00.000+00:347,1.12,1,Complexos,,3,80,20,84,,Co_80_20_84,Surface lift way complexes,Elevadores de superfície,false,,Genérico,
349,SECClasS,2021-06-25T00:00:00.000+00:348,1.12,1,Complexos,,3,80,20,99,,Co_80_20_99,Zip line way complexes,Slides,false,,Genérico,
350,SECClasS,2021-06-25T00:00:00.000+00:349,1.12,1,Complexos,,2,80,35,,,Co_80_35,Road complexes,Complexos de transporte rodoviário,false,,Genérico,
351,SECClasS,2021-06-25T00:00:00.000+00:350,1.12,1,Complexos,,3,80,35,10,,Co_80_35_10,Bus route networks,Redes de transporte de passageiros ,false,,Genérico,
352,SECClasS,2021-06-25T00:00:00.000+00:351,1.12,1,Complexos,,3,80,35,75,,Co_80_35_75,Road networks,Redes rodoviárias,false,,Genérico,
353,SECClasS,2021-06-25T00:00:00.000+00:352,1.12,1,Complexos,,2,80,50,,,Co_80_50,Railway complexes,Complexos de transporte ferroviário,false,,Genérico,
354,SECClasS,2021-06-25T00:00:00.000+00:353,1.12,1,Complexos,,3,80,50,35,,Co_80_50_35,Heavy rail complexes,Complexos ferroviários pesados,false,,Genérico,
355,SECClasS,2021-06-25T00:00:00.000+00:354,1.12,1,Complexos,,3,80,50,37,,Co_80_50_37,High-speed rail complexes,Complexos de ferrovia de alta velocidade,false,,Genérico,
356,SECClasS,2021-06-25T00:00:00.000+00:355,1.12,1,Complexos,,3,80,50,45,,Co_80_50_45,Light rail complexes,Complexos de ferrovia ligeira,false,,Genérico,
357,SECClasS,2021-06-25T00:00:00.000+00:356,1.12,1,Complexos,,3,80,50,50,,Co_80_50_50,Magnetic levitation ways,Caminhos para levitação magnética,false,,Genérico,
358,SECClasS,2021-06-25T00:00:00.000+00:357,1.12,1,Complexos,,3,80,50,53,,Co_80_50_53,Monorail complexes,Complexos de monocarril,false,,Genérico,
359,SECClasS,2021-06-25T00:00:00.000+00:358,1.12,1,Complexos,,3,80,50,56,,Co_80_50_56,Narrow gauge rail complexes,Complexos para ferrovia de via reduzida (bitola estreita),false,,Genérico,
360,SECClasS,2021-06-25T00:00:00.000+00:359,1.12,1,Complexos,,3,80,50,69,,Co_80_50_69,Rack rail complexes,Complexos para ferrovia de cremalheira,false,,Genérico,
361,SECClasS,2021-06-25T00:00:00.000+00:360,1.12,1,Complexos,,3,80,50,76,,Co_80_50_76,Road-based light rail complexes,Complexos para ferrovia ligeita emestrada,false,,Genérico,
362,SECClasS,2021-06-25T00:00:00.000+00:361,1.12,1,Complexos,,2,80,70,,,Co_80_70,Marine and waterways transport complexes,Complexos de transporte marítimo e fluvial,false,,Genérico,
363,SECClasS,2021-06-25T00:00:00.000+00:362,1.12,1,Complexos,,3,80,70,11,,Co_80_70_11,Cable ferry complexes,Complexos de ferries de cabo,false,,Genérico,
364,SECClasS,2021-06-25T00:00:00.000+00:363,1.12,1,Complexos,,3,80,70,13,,Co_80_70_13,Canal complexes,Complexos de canais,false,,Genérico,
365,SECClasS,2021-06-25T00:00:00.000+00:364,1.12,1,Complexos,,3,80,70,17,,Co_80_70_17,Container ports,Portos de contentores,false,,Genérico,
366,SECClasS,2021-06-25T00:00:00.000+00:365,1.12,1,Complexos,,3,80,70,23,,Co_80_70_23,Dry bulk ports,Portos de sólidos a granel,false,,Genérico,
367,SECClasS,2021-06-25T00:00:00.000+00:366,1.12,1,Complexos,,3,80,70,30,,Co_80_70_30,Fishing ports,Portos de pesca,false,,Genérico,
368,SECClasS,2021-06-25T00:00:00.000+00:367,1.12,1,Complexos,,3,80,70,36,,Co_80_70_36,Harbours,Portos,false,,Genérico,
369,SECClasS,2021-06-25T00:00:00.000+00:368,1.12,1,Complexos,,3,80,70,47,,Co_80_70_47,Liquid bulk ports,Portos de líquidos a granel,false,,Genérico,
370,SECClasS,2021-06-25T00:00:00.000+00:369,1.12,1,Complexos,,3,80,70,72,,Co_80_70_72,Roll-on/ roll-off ports,Portos de navios de carga ,false,,Genérico,
371,SECClasS,2021-06-25T00:00:00.000+00:370,1.12,1,Complexos,,3,80,70,77,,Co_80_70_77,Sea cruise ports,Portos marítimos de cruzeiros,false,,Genérico,
372,SECClasS,2021-06-25T00:00:00.000+00:371,1.12,1,Complexos,,3,80,70,78,,Co_80_70_78,Sea ferry ports,Portos de ferries marítimos,false,,Genérico,
373,SECClasS,2021-06-25T00:00:00.000+00:372,1.12,1,Complexos,,3,80,70,96,,Co_80_70_96,Waterway ferry complexes,Complexos de ferries de hidrovias,false,,Genérico,
374,SECClasS,2021-06-25T00:00:00.000+00:373,1.12,1,Complexos,,2,80,90,,,Co_80_90,Transport interchange complexes,Complexos de interfaces de transporte,false,,Genérico,
375,SECClasS,2021-06-25T00:00:00.000+00:374,1.12,1,Complexos,,1,90,,,,Co_90,Circulation and storage complexes,Complexos de transbordo e Armazenagem,false,,Genérico,
376,SECClasS,2021-06-25T00:00:00.000+00:375,1.12,1,Complexos,,2,90,50,,,Co_90_50,Storage complexes,Complexos de armazenagem,false,,Genérico,
377,SECClasS,2021-06-25T00:00:00.000+00:376,1.12,1,Complexos,,3,90,50,3,,Co_90_50_03,Ambient food storage complexes,Complexos de armazenagem de alimentos à temperatura ambiente,false,,Genérico,
378,SECClasS,2021-06-25T00:00:00.000+00:377,1.12,1,Complexos,,3,90,50,4,,Co_90_50_04,Arms storage complexes,Complexos de armazenagem de armas (paiois),false,,Genérico,
379,SECClasS,2021-06-25T00:00:00.000+00:378,1.12,1,Complexos,,3,90,50,15,,Co_90_50_15,Cold storage complexes,Complexos de armazenagem em frio,false,,Genérico,
380,SECClasS,2021-06-25T00:00:00.000+00:379,1.12,1,Complexos,,3,90,50,16,,Co_90_50_16,Complexes for the storage of human remains,Complexos para o armazenagem de restos mortais humanos,false,,Genérico,
381,SECClasS,2021-06-25T00:00:00.000+00:380,1.12,1,Complexos,,3,90,50,51,,Co_90_50_51,Military arsenals,Arsenais militares,false,,Genérico,
382,SECClasS,2021-06-25T00:00:00.000+00:381,1.12,1,Complexos,,3,90,50,52,,Co_90_50_52,Mineral storage complexes,Complexos de armazenagem de minerais,false,,Genérico,
383,SECClasS,2021-06-25T00:00:00.000+00:382,1.12,1,Complexos,,3,90,50,71,,Co_90_50_71,Refrigerated food storage complexes,Complexos de armazenagem de alimentos refrigerado ,false,,Genérico,
384,SECClasS,2021-06-25T00:00:00.000+00:383,1.12,1,Complexos,,3,90,50,77,,Co_90_50_77,Secure storage complexes,Complexos de armazenagem seguros,false,,Genérico,
385,SECClasS,2021-06-25T00:00:00.000+00:384,1.12,1,Complexos,,3,90,50,78,,Co_90_50_78,Self-storage complexes,Complexos de armazenagem temporário ,false,,Genérico,
386,SECClasS,2021-06-25T00:00:00.000+00:385,1.12,1,Complexos,,3,90,50,80,,Co_90_50_80,Solid fuel storage complexes,Complexos de armazenagem de combustível sólido,false,,Genérico,
387,SECClasS,2021-06-25T00:00:00.000+00:386,1.12,1,Complexos,,3,90,50,94,,Co_90_50_94,Warehouses,Armazéns,false,,Genérico,
388,SECClasS,2021-06-25T00:00:00.000+00:387,1.12,1,Complexos,,2,90,90,,,Co_90_90,Plant and control complexes,Complexos de monitorização e controlo de sistemas,false,,Genérico,
389,SECClasS,2021-06-25T00:00:00.000+00:388,1.12,1,Complexos,,3,90,90,50,,Co_90_90_50,Multiple services plant and equipment complexes,Complexos de fabricação e instalação de vários serviços ,false,,Genérico,
