[
  {
    "id_tabela": "1",
    "code_tabela": "Co",
    "nome_tabela": "Complexes",
    "nome_secclass": "Complexos"
  },
  {
    "id_tabela": "2",
    "code_tabela": "En",
    "nome_tabela": "Entities",
    "nome_secclass": "Entidades"
  },
  {
    "id_tabela": "3",
    "code_tabela": "Ac",
    "nome_tabela": "Activities",
    "nome_secclass": "Actividades"
  },
  {
    "id_tabela": "4",
    "code_tabela": "SL",
    "nome_tabela": "Spaces/ locations",
    "nome_secclass": "Espaços/ locais"
  },
  {
    "id_tabela": "5",
    "code_tabela": "EF",
    "nome_tabela": "Elements/ functions",
    "nome_secclass": "Elementos/ funções"
  },
  {
    "id_tabela": "6",
    "code_tabela": "Ss",
    "nome_tabela": "Systems",
    "nome_secclass": "Sistemas"
  },
  {
    "id_tabela": "7",
    "code_tabela": "Pr",
    "nome_tabela": "Products",
    "nome_secclass": "Produtos"
  },
  {
    "id_tabela": "8",
    "code_tabela": "TE",
    "nome_tabela": "Tools and Equipment",
    "nome_secclass": "Ferramentas e Equipamentos"
  },
  {
    "id_tabela": "9",
    "code_tabela": "PM",
    "nome_tabela": "Project management",
    "nome_secclass": "Gestão de projeto"
  },
  {
    "id_tabela": "10",
    "code_tabela": "FI",
    "nome_tabela": "Form of information",
    "nome_secclass": "Formas de informação"
  },
  {
    "id_tabela": "11",
    "code_tabela": "Ro",
    "nome_tabela": "Roles",
    "nome_secclass": "Agentes"
  },
  {
    "id_tabela": "12",
    "code_tabela": "Zz",
    "nome_tabela": "CAD",
    "nome_secclass": "CAD"
  }
]
