{"options":{"validator":{"$jsonSchema":{"bsonType":"object","title":"comentarios","required":["id_Users","SecClasS_id","Comentario","Status","Timestamp"],"properties":{"Comentario":{"bsonType":"string"},"Status":{"bsonType":"string"},"Timestamp":{"bsonType":"date"},"id_Users":{"bsonType":"objectId"},"SecClasS_id":{"bsonType":"objectId"}}}},"validationLevel":"off","validationAction":"error"},"indexes":[{"v":{"$numberInt":"2"},"key":{"_id":{"$numberInt":"1"}},"name":"_id_"}],"uuid":"bfce0e39ab124339ae5a29c0343e3afb","collectionName":"comentarios","type":"collection"}