Timestamp,Users_id,__v,_id,pesquisa_txt
2021-08-02T15:00:17.865Z,61014705970082f592719864,,6107febc970082f59271986c,teste_pesquisa
2021-08-03T16:56:57.681Z,61014705970082f592719864,0,610975598e1f695460afa161,arrefecimento
2021-08-03T17:31:41.553Z,61014705970082f592719864,0,61097d7d3c1a0675a40227a6,?
2021-08-03T17:31:45.446Z,61014705970082f592719864,0,61097d813c1a0675a40227a9,?
2021-08-03T17:38:13.910Z,61014705970082f592719864,0,61097f053c1a0675a40227ac,?
2021-08-03T17:40:16.680Z,61014705970082f592719864,0,61097f803c1a0675a40227af,?
2021-08-03T17:44:31.964Z,61014705970082f592719864,0,6109807f3c1a0675a40227b2,?
2021-08-04T08:23:53.874Z,61014705970082f592719864,0,610a4e993c1a0675a40227bc,?
2021-08-04T08:26:23.818Z,61014705970082f592719864,0,610a4f2f3c1a0675a40227bf,?
2021-08-04T08:35:44.228Z,61014705970082f592719864,0,610a51603c1a0675a40227c2,?
2021-08-04T09:15:20.404Z,61014705970082f592719864,0,610a5aa883acd8a4b03bb28a,Co_20
2021-08-04T09:15:39.505Z,61014705970082f592719864,0,610a5abb83acd8a4b03bb28d,arr
2021-08-04T09:15:58.344Z,61014705970082f592719864,0,610a5ace83acd8a4b03bb290,porta
2021-08-04T09:16:45.348Z,61014705970082f592719864,0,610a5afd83acd8a4b03bb293,"Espaços de serviços administrativos, comerciais e de proteção"
2021-08-04T09:22:44.289Z,61014705970082f592719864,0,610a5c6483acd8a4b03bb296,"Espaços de serviços administrativos, comerciais e de proteção"
2021-08-04T09:24:01.510Z,61014705970082f592719864,0,610a5cb183acd8a4b03bb299,Co_20
2021-08-04T09:30:27.419Z,61014705970082f592719864,0,610a5e3383acd8a4b03bb29d,""""
2021-08-04T09:33:18.552Z,61014705970082f592719864,0,610a5ede83acd8a4b03bb2a1, 
2021-08-04T09:37:15.810Z,61014705970082f592719864,0,610a5fcb0e65e619d490e46a,porta
2021-08-04T09:37:25.325Z,61014705970082f592719864,0,610a5fd50e65e619d490e46d,porta
2021-08-04T09:53:00.627Z,61014705970082f592719864,0,610a637ce48583463cf308bf,Co_20
2021-08-04T09:54:12.942Z,61014705970082f592719864,0,610a63c4bc1fa1637c966d46,Co_20
2021-08-04T09:58:09.428Z,61014705970082f592719864,0,610a64b1c668ca22d0809ad3,Co_20
2021-08-04T09:59:06.463Z,61014705970082f592719864,0,610a64ea69a67474bcb3058a,Co_20
2021-08-04T10:00:22.784Z,61014705970082f592719864,0,610a653681099e5ee0a93c9f,Co_20
2021-08-04T10:06:14.658Z,61014705970082f592719864,0,610a6696e97a654d24d839f2,Co_20
2021-08-04T10:07:56.220Z,61014705970082f592719864,0,610a66fce97a654d24d839f5,Co_20
2021-08-04T10:10:55.388Z,61014705970082f592719864,0,610a67af0c94df9ba43913a8,Co_20
2021-08-04T10:15:38.474Z,61014705970082f592719864,0,610a68ca7ff3e44a1c727331,Co_20
2021-08-04T10:15:39.696Z,61014705970082f592719864,0,610a68cb7ff3e44a1c727334,Co_20
2021-08-04T10:16:23.305Z,61014705970082f592719864,0,610a68f78c1f611b309277b4,Co_20
2021-08-04T10:20:39.133Z,61014705970082f592719864,0,610a69f739d0ce62b4fad5ad,Co_20
2021-08-04T10:20:40.027Z,61014705970082f592719864,0,610a69f839d0ce62b4fad5b0,Co_20
2021-08-04T10:20:40.474Z,61014705970082f592719864,0,610a69f839d0ce62b4fad5b3,Co_20
2021-08-04T10:20:40.657Z,61014705970082f592719864,0,610a69f839d0ce62b4fad5b6,Co_20
2021-08-04T10:20:40.826Z,61014705970082f592719864,0,610a69f839d0ce62b4fad5b9,Co_20
2021-08-04T10:20:41.160Z,61014705970082f592719864,0,610a69f939d0ce62b4fad5bd,Co_20
2021-08-04T10:20:41.300Z,61014705970082f592719864,0,610a69f939d0ce62b4fad5c0,Co_20
2021-08-04T10:20:41.306Z,61014705970082f592719864,0,610a69f939d0ce62b4fad5c2,Co_20
2021-08-04T14:43:00.433Z,61014705970082f592719864,0,610aa77439d0ce62b4fad5c5,Co_20
2021-08-04T14:43:23.661Z,61014705970082f592719864,0,610aa78b39d0ce62b4fad5c8,Co_20
2021-08-04T14:43:24.955Z,61014705970082f592719864,0,610aa78c39d0ce62b4fad5cb,Co_20
2021-08-04T14:43:25.660Z,61014705970082f592719864,0,610aa78d39d0ce62b4fad5ce,Co_20
2021-08-04T14:43:26.221Z,61014705970082f592719864,0,610aa78e39d0ce62b4fad5d1,Co_20
2021-08-04T14:43:26.577Z,61014705970082f592719864,0,610aa78e39d0ce62b4fad5d4,Co_20
2021-08-04T14:47:40.383Z,61014705970082f592719864,0,610aa88c84d4192d64d54def,Co_20
2021-08-04T14:49:44.901Z,61014705970082f592719864,0,610aa908416f767ca0b48b75,Co_20
2021-08-04T14:59:25.621Z,61014705970082f592719864,0,610aab4d82290159383d076c,Co_20
2021-08-04T15:00:12.315Z,61014705970082f592719864,0,610aab7ce7702c4214f73bd2,Co_20
2021-08-04T15:07:28.070Z,61014705970082f592719864,0,610aad30bb1e9e1d646e284f,Co_20
2021-08-04T15:15:29.264Z,61014705970082f592719864,0,610aaf11bb1e9e1d646e2852,Co_20
2021-08-04T15:15:38.384Z,61014705970082f592719864,0,610aaf1abb1e9e1d646e2855,porta
2021-08-04T15:19:50.206Z,61014705970082f592719864,0,610ab016bb1e9e1d646e2858,porta
2021-08-04T15:23:33.171Z,61014705970082f592719864,0,610ab0f5f357ee3a10d13492,porta
2021-08-04T15:24:03.162Z,61014705970082f592719864,0,610ab113f357ee3a10d13495,porta
2021-08-04T15:24:06.172Z,61014705970082f592719864,0,610ab116f357ee3a10d13498,porta
2021-08-04T15:24:10.129Z,61014705970082f592719864,0,610ab11af357ee3a10d1349b,porta
2021-08-04T15:24:13.214Z,61014705970082f592719864,0,610ab11df357ee3a10d1349e,porta
2021-08-04T15:42:53.265Z,61014705970082f592719864,0,610ab57df357ee3a10d134a1,porta
2021-08-04T15:48:01.256Z,61014705970082f592719864,0,610ab6b174a4d471d8db7013,porta
2021-08-04T15:51:57.516Z,61014705970082f592719864,0,610ab79da17f874d10f26674,porta
2021-08-04T15:52:54.039Z,61014705970082f592719864,0,610ab7d6500caf78c87d91f2,porta
2021-08-04T15:57:02.945Z,61014705970082f592719864,0,610ab8ce8dc0043a28f4cf2b,porta
2021-08-04T15:57:06.441Z,61014705970082f592719864,0,610ab8d28dc0043a28f4cf2f,porta
2021-08-08T10:05:51.216Z,61014705970082f592719864,0,610fac7fda06a23da8c63584,porta
2021-08-08T10:06:09.589Z,61014705970082f592719864,0,610fac91da06a23da8c63588,porta
2021-08-08T10:06:17.087Z,61014705970082f592719864,0,610fac99da06a23da8c6358c,Co_20
2021-08-08T10:26:42.360Z,61014705970082f592719864,0,610fb162958fd2474c2dd7f2,Co_20
2021-08-08T10:44:46.848Z,61014705970082f592719864,0,610fb59e4ed36370f081d009,Co_20
2021-08-08T11:39:48.134Z,61014705970082f592719864,0,610fc284a4b9a40ae8a5c467,Co_20_20_50
2021-08-09T00:55:54.128Z,61014705970082f592719864,0,61107d1a6dd72502e047cc4b,porta
2021-08-09T08:11:20.947Z,61014705970082f592719864,0,6110e3286dd72502e047cc57,porta
2021-08-09T08:11:50.739Z,61014705970082f592719864,0,6110e3466dd72502e047cc5b,/?
2021-08-09T08:11:50.939Z,61014705970082f592719864,0,6110e3466dd72502e047cc5f,\?
2021-08-09T08:13:41.140Z,61014705970082f592719864,0,6110e3b56dd72502e047cc63,chão
2021-08-09T08:13:53.495Z,61014705970082f592719864,0,6110e3c16dd72502e047cc67,porta
2021-08-09T08:16:56.282Z,61014705970082f592719864,0,6110e4786dd72502e047cc76,porta
2021-08-09T08:17:18.721Z,61014705970082f592719864,0,6110e48e6dd72502e047cc7a,porta
2021-08-09T08:17:32.645Z,61014705970082f592719864,0,6110e49c6dd72502e047cc7e,lesgislativos
2021-08-09T08:17:38.738Z,61014705970082f592719864,0,6110e4a26dd72502e047cc82,legislativos
2021-08-09T08:18:03.816Z,61014705970082f592719864,0,6110e4bb6dd72502e047cc86,legislativos
2021-08-09T08:20:44.612Z,61014705970082f592719864,0,6110e55c6dd72502e047cc8b,legislativo
2021-08-09T08:40:00.450Z,61014705970082f592719864,0,6110e9e06dd72502e047cc8f,porta
2021-08-09T08:40:26.304Z,61014705970082f592719864,0,6110e9fa6dd72502e047cc93,porta
2021-08-09T08:42:05.972Z,61014705970082f592719864,0,6110ea5d6dd72502e047cc97,porta
2021-08-09T08:42:29.893Z,61014705970082f592719864,0,6110ea756dd72502e047cc9b,porta
2021-08-09T08:42:44.662Z,61014705970082f592719864,0,6110ea846dd72502e047cc9f,porta
2021-08-09T08:42:52.614Z,61014705970082f592719864,0,6110ea8c6dd72502e047cca3,porta
2021-08-09T08:43:28.903Z,61014705970082f592719864,0,6110eab06dd72502e047cca7,porta
2021-08-09T08:43:51.894Z,61014705970082f592719864,0,6110eac76dd72502e047ccab,porta
2021-08-09T08:44:03.214Z,61014705970082f592719864,0,6110ead36dd72502e047ccaf,porta
2021-08-09T08:44:09.176Z,61014705970082f592719864,0,6110ead96dd72502e047ccb3,porta
2021-08-09T08:45:17.961Z,61014705970082f592719864,0,6110eb1d6dd72502e047ccb7,porta
2021-08-09T08:45:25.378Z,61014705970082f592719864,0,6110eb256dd72502e047ccbb,comp
2021-08-09T08:52:50.282Z,61014705970082f592719864,0,6110ece26dd72502e047ccc2,comp
2021-08-09T12:40:09.748Z,61014705970082f592719864,0,61112229085de978d86e2875,0
2021-08-13T09:46:17.322Z,61014705970082f592719864,0,61163f698c5a672a4cd20199,"Espaços médicos, de saúde, bem-estar e sanitários"
2021-08-13T12:31:56.370Z,61014705970082f592719864,0,6116663cceab0e9258bfed70,Armaz
2021-08-13T12:37:42.241Z,61014705970082f592719864,0,61166796ceab0e9258bfed74,Armaz
2021-08-13T12:38:16.961Z,61014705970082f592719864,0,611667b8ceab0e9258bfed78,Armaz
2021-08-13T12:43:02.689Z,61014705970082f592719864,0,611668d6bc7d133e4c728162,Armaz
2021-08-13T12:43:26.794Z,61014705970082f592719864,0,611668eebc7d133e4c728166,Armaz
2021-08-15T13:19:21.096Z,61014705970082f592719864,0,61191459e96adf6f6823ad20,Entidade
2021-08-15T13:19:31.007Z,61014705970082f592719864,0,61191463e96adf6f6823ad24,sanitárias
2021-08-15T14:30:51.075Z,61014705970082f592719864,0,6119251be96adf6f6823ad64,sanitárias
2021-08-15T14:33:25.886Z,61014705970082f592719864,0,611925b5e96adf6f6823ad68,sanitárias
2021-08-26T20:16:28.577Z,61014705970082f592719864,0,6127f69c8e705360b8be6f84,xwtr
2021-08-26T20:16:29.667Z,61014705970082f592719864,0,6127f69d8e705360b8be6f88,xwtr
2021-08-27T18:10:12.415Z,61014705970082f592719864,0,61292a84d65dba28e48aca07,Bacias de tranquilização
2021-08-27T18:10:19.428Z,61014705970082f592719864,0,61292a8bd65dba28e48aca0b,Bacias de tranquil
2021-08-27T18:10:20.905Z,61014705970082f592719864,0,61292a8cd65dba28e48aca0f,Bacias de tranqui
2021-08-27T18:10:24.661Z,61014705970082f592719864,0,61292a90d65dba28e48aca13,Complexos
2021-08-27T18:11:41.857Z,61014705970082f592719864,0,61292addd65dba28e48aca17,Complexos
2021-08-27T18:12:30.480Z,61014705970082f592719864,0,61292b0ed65dba28e48aca1b,Bacias de tranquilização
2021-08-27T18:13:08.283Z,61014705970082f592719864,0,61292b34d65dba28e48aca1f,Bacias de tranquilização
2021-08-30T14:40:51.637Z,61014705970082f592719864,0,612cedf370d3771f487f46c7,Complexos
2021-08-30T14:41:03.834Z,61014705970082f592719864,0,612cedff70d3771f487f46cb,C
2021-08-30T14:41:04.039Z,61014705970082f592719864,0,612cee0070d3771f487f46cf,Co
2021-08-30T14:41:04.150Z,61014705970082f592719864,0,612cee0070d3771f487f46d3,Com
2021-08-30T14:41:04.366Z,61014705970082f592719864,0,612cee0070d3771f487f46d7,Comp
2021-08-30T14:41:04.455Z,61014705970082f592719864,0,612cee0070d3771f487f46db,Compl
2021-08-30T14:41:04.560Z,61014705970082f592719864,0,612cee0070d3771f487f46df,Comple
2021-08-30T14:41:04.937Z,61014705970082f592719864,0,612cee0070d3771f487f46e3,Complex
2021-08-30T14:41:05.113Z,61014705970082f592719864,0,612cee0170d3771f487f46e7,Complexo
2021-08-30T14:41:05.285Z,61014705970082f592719864,0,612cee0170d3771f487f46eb,Complexos
2021-08-30T15:09:53.889Z,61014705970082f592719864,0,612cf4c170d3771f487f46ef,Complexo
2021-08-30T15:09:54.113Z,61014705970082f592719864,0,612cf4c270d3771f487f46f3,Complex
2021-08-30T15:09:54.550Z,61014705970082f592719864,0,612cf4c270d3771f487f46f9,Comple
2021-08-30T15:09:54.771Z,61014705970082f592719864,0,612cf4c270d3771f487f46fb,Compl
2021-08-30T15:09:55.646Z,61014705970082f592719864,0,612cf4c370d3771f487f46ff,Comple
2021-08-30T15:09:55.964Z,61014705970082f592719864,0,612cf4c370d3771f487f4703,Complex
2021-08-30T15:09:56.163Z,61014705970082f592719864,0,612cf4c470d3771f487f4707,Complexo
2021-08-30T15:09:56.375Z,61014705970082f592719864,0,612cf4c470d3771f487f470b,Complexos
2021-08-30T15:10:05.367Z,61014705970082f592719864,0,612cf4cd70d3771f487f470f,C
2021-08-30T15:10:06.014Z,61014705970082f592719864,0,612cf4ce70d3771f487f4717,Co
2021-08-30T15:10:06.266Z,61014705970082f592719864,0,612cf4ce70d3771f487f4719,Com
2021-08-30T15:10:06.592Z,61014705970082f592719864,0,612cf4ce70d3771f487f471f,Comp
2021-08-30T15:10:06.904Z,61014705970082f592719864,0,612cf4ce70d3771f487f4723,Compl
2021-08-30T15:10:07.095Z,61014705970082f592719864,0,612cf4cf70d3771f487f4725,Comple
2021-08-30T15:10:07.342Z,61014705970082f592719864,0,612cf4cf70d3771f487f4727,Complex
2021-08-30T15:10:07.627Z,61014705970082f592719864,0,612cf4cf70d3771f487f472d,Complexo
2021-08-30T15:10:07.802Z,61014705970082f592719864,0,612cf4cf70d3771f487f472f,Complexos
2021-08-30T15:10:11.461Z,61014705970082f592719864,0,612cf4d370d3771f487f4733,Complexos 
2021-08-30T15:11:12.250Z,61014705970082f592719864,0,612cf51070d3771f487f4739,Complexps
2021-08-30T15:11:12.492Z,61014705970082f592719864,0,612cf51070d3771f487f473b,Complexo
2021-08-30T15:11:12.770Z,61014705970082f592719864,0,612cf51070d3771f487f473f,Complexos
2021-08-30T15:11:12.996Z,61014705970082f592719864,0,612cf51070d3771f487f4743,Complex
2021-08-30T15:11:13.046Z,61014705970082f592719864,0,612cf51170d3771f487f4747,Complexp
2021-08-30T15:11:13.366Z,61014705970082f592719864,0,612cf51170d3771f487f474d,Co
2021-08-30T15:11:14.395Z,61014705970082f592719864,0,612cf51270d3771f487f474f,C
2021-08-30T15:11:14.597Z,61014705970082f592719864,0,612cf51270d3771f487f4753,Complexp
2021-08-30T15:11:15.636Z,61014705970082f592719864,0,612cf51370d3771f487f4757,Comple
2021-08-30T15:11:18.832Z,61014705970082f592719864,0,612cf51670d3771f487f475f,Compl
2021-08-30T15:11:19.079Z,61014705970082f592719864,0,612cf51770d3771f487f4761,Com
2021-08-30T15:11:19.273Z,61014705970082f592719864,0,612cf51770d3771f487f4763,Comp
2021-08-30T15:11:32.955Z,61014705970082f592719864,0,612cf52470d3771f487f476b,Complexos
2021-08-30T15:11:50.358Z,61014705970082f592719864,0,612cf53670d3771f487f476f,Complexo
2021-08-30T15:12:14.783Z,61014705970082f592719864,0,612cf54e70d3771f487f4773,Complexo
2021-08-30T15:13:14.227Z,61014705970082f592719864,0,612cf58a70d3771f487f4777,Complexos
2021-08-30T15:13:22.277Z,61014705970082f592719864,0,612cf59270d3771f487f477b,C
2021-08-30T15:13:23.125Z,61014705970082f592719864,0,612cf59370d3771f487f4787,Co
2021-08-30T15:13:23.438Z,61014705970082f592719864,0,612cf59370d3771f487f4789,Com
2021-08-30T15:13:23.668Z,61014705970082f592719864,0,612cf59370d3771f487f478b,Comp
2021-08-30T15:13:24.037Z,61014705970082f592719864,0,612cf59470d3771f487f478d,Compl
2021-08-30T15:13:24.260Z,61014705970082f592719864,0,612cf59470d3771f487f478f,Comple
2021-08-30T15:13:24.592Z,61014705970082f592719864,0,612cf59470d3771f487f4795,Complex
2021-08-30T15:13:24.831Z,61014705970082f592719864,0,612cf59470d3771f487f4797,Complexo
2021-08-30T15:13:25.152Z,61014705970082f592719864,0,612cf59570d3771f487f479b,Complexos
2021-08-30T15:18:03.731Z,61014705970082f592719864,0,612cf6ab70d3771f487f479f,Complexos
2021-08-30T15:18:22.511Z,61014705970082f592719864,0,612cf6be70d3771f487f47a3,Complexo
2021-08-30T15:18:22.917Z,61014705970082f592719864,0,612cf6be70d3771f487f47a7,Complexos
2021-08-30T15:18:29.146Z,61014705970082f592719864,0,612cf6c570d3771f487f47ab,C
2021-08-30T15:18:29.841Z,61014705970082f592719864,0,612cf6c570d3771f487f47b7,Co
2021-08-30T15:18:30.217Z,61014705970082f592719864,0,612cf6c670d3771f487f47b9,Com
2021-08-30T15:18:30.476Z,61014705970082f592719864,0,612cf6c670d3771f487f47bb,Comp
2021-08-30T15:18:30.723Z,61014705970082f592719864,0,612cf6c670d3771f487f47bd,Compl
2021-08-30T15:18:31.106Z,61014705970082f592719864,0,612cf6c770d3771f487f47c1,Comple
2021-08-30T15:18:31.507Z,61014705970082f592719864,0,612cf6c770d3771f487f47c5,Complex
2021-08-30T15:18:31.910Z,61014705970082f592719864,0,612cf6c770d3771f487f47c7,Complexo
2021-08-30T15:19:37.223Z,61014705970082f592719864,0,612cf70970d3771f487f47cb,Complexos
2021-08-30T15:19:42.110Z,61014705970082f592719864,0,612cf70e70d3771f487f47cf,Complexos
2021-08-30T15:20:35.485Z,61014705970082f592719864,0,612cf74370d3771f487f47d3,Complexos
2021-08-30T15:20:39.726Z,61014705970082f592719864,0,612cf74770d3771f487f47d7,Complexo
2021-08-30T15:20:40.076Z,61014705970082f592719864,0,612cf74870d3771f487f47db,Complexos
2021-08-30T15:22:07.797Z,61014705970082f592719864,0,612cf79f70d3771f487f47df,Complexo
2021-08-30T15:22:08.050Z,61014705970082f592719864,0,612cf7a070d3771f487f47e3,Complexos
2021-08-30T15:22:09.570Z,61014705970082f592719864,0,612cf7a170d3771f487f47e7,Complexo
2021-08-30T15:22:09.878Z,61014705970082f592719864,0,612cf7a170d3771f487f47eb,Complex
2021-08-30T15:22:09.987Z,61014705970082f592719864,0,612cf7a170d3771f487f47ef,Complexs
2021-08-30T15:22:11.262Z,61014705970082f592719864,0,612cf7a370d3771f487f47f3,Complex
2021-08-30T15:22:11.755Z,61014705970082f592719864,0,612cf7a370d3771f487f47f7,Complexo
2021-08-30T15:22:12.040Z,61014705970082f592719864,0,612cf7a470d3771f487f47fb,Complexos
2021-08-30T15:22:54.904Z,61014705970082f592719864,0,612cf7ce70d3771f487f47ff,q
2021-08-30T15:22:57.637Z,61014705970082f592719864,0,612cf7d170d3771f487f4803,qa
2021-08-30T15:22:58.024Z,61014705970082f592719864,0,612cf7d270d3771f487f4807,qae
2021-08-30T15:22:59.854Z,61014705970082f592719864,0,612cf7d370d3771f487f480b,qa
2021-08-30T15:23:00.144Z,61014705970082f592719864,0,612cf7d470d3771f487f480f,q
2021-08-30T15:23:02.114Z,61014705970082f592719864,0,612cf7d670d3771f487f4813,c
2021-08-30T15:23:02.875Z,61014705970082f592719864,0,612cf7d670d3771f487f481f,co
2021-08-30T15:23:03.151Z,61014705970082f592719864,0,612cf7d770d3771f487f4821,com
2021-08-30T15:23:03.392Z,61014705970082f592719864,0,612cf7d770d3771f487f4823,comp
2021-08-30T15:23:03.629Z,61014705970082f592719864,0,612cf7d770d3771f487f4825,compl
2021-08-30T15:23:03.988Z,61014705970082f592719864,0,612cf7d770d3771f487f4827,comple
2021-08-30T15:23:55.046Z,61014705970082f592719864,0,612cf80b70d3771f487f482b,comple
2021-08-30T15:23:56.504Z,61014705970082f592719864,0,612cf80c70d3771f487f482f,complex
2021-08-30T15:25:59.499Z,61014705970082f592719864,0,612cf88770d3771f487f4833,P
2021-08-30T15:25:59.671Z,61014705970082f592719864,0,612cf88770d3771f487f4837,Pq
2021-08-30T15:25:59.886Z,61014705970082f592719864,0,612cf88770d3771f487f483b,Pa
2021-08-30T15:26:00.052Z,61014705970082f592719864,0,612cf88870d3771f487f4841,Par
2021-08-30T15:26:00.666Z,61014705970082f592719864,0,612cf88870d3771f487f4843,P
2021-08-30T15:26:00.845Z,61014705970082f592719864,0,612cf88870d3771f487f4847,Parq
2021-08-30T15:26:01.105Z,61014705970082f592719864,0,612cf88970d3771f487f484b,Parqu
2021-08-30T15:26:01.511Z,61014705970082f592719864,0,612cf88970d3771f487f484f,Parque
2021-08-30T15:26:02.669Z,61014705970082f592719864,0,612cf88a70d3771f487f4853,Parque 
2021-08-30T15:26:03.616Z,61014705970082f592719864,0,612cf88b70d3771f487f4857,Parque e
2021-08-30T15:26:03.851Z,61014705970082f592719864,0,612cf88b70d3771f487f485b,Parque em
2021-08-30T15:26:04.259Z,61014705970082f592719864,0,612cf88c70d3771f487f485f,Parque emp
2021-08-30T15:26:04.472Z,61014705970082f592719864,0,612cf88c70d3771f487f4863,Parque empr
2021-08-30T15:26:04.702Z,61014705970082f592719864,0,612cf88c70d3771f487f4867,Parque empre
2021-08-30T15:26:04.948Z,61014705970082f592719864,0,612cf88c70d3771f487f486b,Parque empres
2021-08-30T15:26:06.112Z,61014705970082f592719864,0,612cf88e70d3771f487f486f,Parque empresá
2021-08-30T15:26:06.378Z,61014705970082f592719864,0,612cf88e70d3771f487f4873,Parque empresár
2021-08-30T15:26:16.659Z,61014705970082f592719864,0,612cf89870d3771f487f4877,p
2021-08-30T15:26:18.937Z,61014705970082f592719864,0,612cf89a70d3771f487f487b,P
2021-08-30T15:26:19.233Z,61014705970082f592719864,0,612cf89b70d3771f487f4883,Pa
2021-08-30T15:26:19.270Z,61014705970082f592719864,0,612cf89b70d3771f487f4885,Par
2021-08-30T15:26:19.287Z,61014705970082f592719864,0,612cf89b70d3771f487f4887,Parq
2021-08-30T15:26:19.414Z,61014705970082f592719864,0,612cf89b70d3771f487f488d,Parqu
2021-08-30T15:26:19.424Z,61014705970082f592719864,0,612cf89b70d3771f487f488f,Parque
2021-08-30T15:26:22.498Z,61014705970082f592719864,0,612cf89e70d3771f487f4893,Parque 
2021-08-30T15:26:23.177Z,61014705970082f592719864,0,612cf89f70d3771f487f4897,Parque e
2021-08-30T15:26:23.288Z,61014705970082f592719864,0,612cf89f70d3771f487f489b,Parque em
2021-08-30T15:26:32.728Z,61014705970082f592719864,0,612cf8a870d3771f487f489f,Parque
2021-08-30T15:26:48.012Z,61014705970082f592719864,0,612cf8b870d3771f487f48a3,Parques
2021-08-30T15:26:54.380Z,61014705970082f592719864,0,612cf8be70d3771f487f48a7,Parques 
2021-08-30T15:26:54.519Z,61014705970082f592719864,0,612cf8be70d3771f487f48ab,Parques e
2021-08-30T15:26:54.784Z,61014705970082f592719864,0,612cf8be70d3771f487f48af,Parques em
2021-08-30T15:28:27.450Z,61014705970082f592719864,0,612cf91b70d3771f487f48b3,Parques em
2021-08-30T15:29:19.021Z,61014705970082f592719864,0,612cf94f70d3771f487f48b7,Parques em
2021-08-30T15:29:29.120Z,61014705970082f592719864,0,612cf95970d3771f487f48bb,Parques em
2021-08-30T15:29:32.330Z,61014705970082f592719864,0,612cf95c70d3771f487f48bf,Parques e
2021-08-30T15:29:33.918Z,61014705970082f592719864,0,612cf95d70d3771f487f48c3,Parques el
2021-08-30T15:29:34.731Z,61014705970082f592719864,0,612cf95e70d3771f487f48c7,Parques e
2021-08-30T15:29:35.266Z,61014705970082f592719864,0,612cf95f70d3771f487f48cb,Parques
2021-08-30T15:29:35.430Z,61014705970082f592719864,0,612cf95f70d3771f487f48cf,Parque
2021-08-30T15:29:35.460Z,61014705970082f592719864,0,612cf95f70d3771f487f48d5,Parqu
2021-08-30T15:29:35.473Z,61014705970082f592719864,0,612cf95f70d3771f487f48d7,Parq
2021-08-30T15:29:35.541Z,61014705970082f592719864,0,612cf95f70d3771f487f48db,Par
2021-08-30T15:29:35.638Z,61014705970082f592719864,0,612cf95f70d3771f487f48e1,Parques
2021-08-30T15:29:35.838Z,61014705970082f592719864,0,612cf95f70d3771f487f48e5,Pa
2021-08-30T15:29:36.509Z,61014705970082f592719864,0,612cf96070d3771f487f48e7,P
2021-08-30T15:29:37.187Z,61014705970082f592719864,0,612cf96170d3771f487f48ed,Co
2021-08-30T15:29:38.026Z,61014705970082f592719864,0,612cf96270d3771f487f48f5,C
2021-08-30T15:29:38.464Z,61014705970082f592719864,0,612cf96270d3771f487f48fb,Com
2021-08-30T15:29:38.715Z,61014705970082f592719864,0,612cf96270d3771f487f48fd,Comp
2021-08-30T15:29:38.914Z,61014705970082f592719864,0,612cf96270d3771f487f48ff,Compl
2021-08-30T15:29:39.122Z,61014705970082f592719864,0,612cf96370d3771f487f4903,Complex
2021-08-30T15:29:39.330Z,61014705970082f592719864,0,612cf96370d3771f487f4905,Comple
2021-08-30T15:29:39.746Z,61014705970082f592719864,0,612cf96370d3771f487f4909,Complexo
2021-08-30T15:29:39.960Z,61014705970082f592719864,0,612cf96370d3771f487f490b,Complexos
2021-08-30T15:30:39.590Z,61014705970082f592719864,0,612cf99f70d3771f487f490f,C
2021-08-30T15:30:40.457Z,61014705970082f592719864,0,612cf9a070d3771f487f491b,Co
2021-08-30T15:30:40.669Z,61014705970082f592719864,0,612cf9a070d3771f487f491d,Com
2021-08-30T15:30:40.880Z,61014705970082f592719864,0,612cf9a070d3771f487f491f,Comp
2021-08-30T15:30:41.117Z,61014705970082f592719864,0,612cf9a170d3771f487f4921,Compl
2021-08-30T15:30:41.556Z,61014705970082f592719864,0,612cf9a170d3771f487f4923,Comple
2021-08-30T15:30:41.757Z,61014705970082f592719864,0,612cf9a170d3771f487f492b,Complexi
2021-08-30T15:30:42.089Z,61014705970082f592719864,0,612cf9a270d3771f487f492d,Complex
2021-08-30T15:30:42.091Z,61014705970082f592719864,0,612cf9a270d3771f487f492f,Complexis
2021-08-30T15:30:42.158Z,61014705970082f592719864,0,612cf9a270d3771f487f4933,Complexi
2021-08-30T15:30:42.528Z,61014705970082f592719864,0,612cf9a270d3771f487f4937,Complex
2021-08-30T15:30:42.963Z,61014705970082f592719864,0,612cf9a270d3771f487f493b,Complexi
2021-08-30T15:30:43.181Z,61014705970082f592719864,0,612cf9a370d3771f487f493f,Complexiq
2021-08-30T15:30:43.541Z,61014705970082f592719864,0,612cf9a370d3771f487f4943,Complexi
2021-08-30T15:30:43.937Z,61014705970082f592719864,0,612cf9a370d3771f487f4947,Complex
2021-08-30T15:30:45.099Z,61014705970082f592719864,0,612cf9a570d3771f487f494b,Complexo
2021-08-30T15:30:45.351Z,61014705970082f592719864,0,612cf9a570d3771f487f494f,Complexos
2021-08-30T15:31:04.810Z,61014705970082f592719864,0,612cf9b870d3771f487f4953,C
2021-08-30T15:31:05.469Z,61014705970082f592719864,0,612cf9b970d3771f487f495f,Co
2021-08-30T15:31:05.730Z,61014705970082f592719864,0,612cf9b970d3771f487f4961,Com
2021-08-30T15:31:05.947Z,61014705970082f592719864,0,612cf9b970d3771f487f4963,Comp
2021-08-30T15:31:06.180Z,61014705970082f592719864,0,612cf9ba70d3771f487f4965,Compl
2021-08-30T15:31:06.403Z,61014705970082f592719864,0,612cf9ba70d3771f487f4967,Comple
2021-08-30T15:31:06.883Z,61014705970082f592719864,0,612cf9ba70d3771f487f496b,Complex
2021-08-30T15:31:07.191Z,61014705970082f592719864,0,612cf9bb70d3771f487f4971,Complexo
2021-08-30T15:31:07.414Z,61014705970082f592719864,0,612cf9bb70d3771f487f4973,Complexos
2021-08-30T15:31:42.898Z,61014705970082f592719864,0,612cf9de70d3771f487f4977,Parques
2021-08-30T15:33:48.830Z,61014705970082f592719864,0,612cfa5c70d3771f487f497b,Complexos
2021-08-30T15:33:51.690Z,61014705970082f592719864,0,612cfa5f70d3771f487f497f,Complexo
2021-08-30T15:33:52.136Z,61014705970082f592719864,0,612cfa6070d3771f487f4983,Complexos
2021-08-30T15:34:09.020Z,61014705970082f592719864,0,612cfa7170d3771f487f4987,Complexo
2021-08-30T15:34:09.276Z,61014705970082f592719864,0,612cfa7170d3771f487f498b,Complexos
2021-08-30T15:34:13.715Z,61014705970082f592719864,0,612cfa7570d3771f487f498f,P
2021-08-30T15:34:13.874Z,61014705970082f592719864,0,612cfa7570d3771f487f4993,Pq
2021-08-30T15:34:14.537Z,61014705970082f592719864,0,612cfa7670d3771f487f4999,P
2021-08-30T15:34:14.787Z,61014705970082f592719864,0,612cfa7670d3771f487f499d,Pa
2021-08-30T15:34:14.879Z,61014705970082f592719864,0,612cfa7670d3771f487f49a1,Parq
2021-08-30T15:34:14.915Z,61014705970082f592719864,0,612cfa7670d3771f487f49a3,Par
2021-08-30T15:34:14.957Z,61014705970082f592719864,0,612cfa7670d3771f487f49a9,Parqu
2021-08-30T15:34:14.969Z,61014705970082f592719864,0,612cfa7670d3771f487f49ab,Parque
2021-08-30T15:34:15.304Z,61014705970082f592719864,0,612cfa7770d3771f487f49af,Parques
2021-08-30T15:34:18.456Z,61014705970082f592719864,0,612cfa7a70d3771f487f49b3,Parques
2021-08-30T15:34:18.635Z,61014705970082f592719864,0,612cfa7a70d3771f487f49b7,Parques e
2021-08-30T15:34:20.181Z,61014705970082f592719864,0,612cfa7c70d3771f487f49bb,Parques em
2021-08-30T15:35:33.105Z,61014705970082f592719864,0,612cfac570d3771f487f49bf,C
2021-08-30T15:35:34.391Z,61014705970082f592719864,0,612cfac670d3771f487f49cb,Co
2021-08-30T15:35:34.584Z,61014705970082f592719864,0,612cfac670d3771f487f49cd,Com
2021-08-30T15:35:34.699Z,61014705970082f592719864,0,612cfac670d3771f487f49cf,Comp
2021-08-30T15:35:34.860Z,61014705970082f592719864,0,612cfac670d3771f487f49d1,Compl
2021-08-30T15:35:35.135Z,61014705970082f592719864,0,612cfac770d3771f487f49d5,Comple
2021-08-30T15:35:35.710Z,61014705970082f592719864,0,612cfac770d3771f487f49d9,Complex
2021-08-30T15:35:36.130Z,61014705970082f592719864,0,612cfac870d3771f487f49dd,Complexo
2021-08-30T15:35:36.424Z,61014705970082f592719864,0,612cfac870d3771f487f49df,Complexos
2021-08-30T15:35:55.814Z,61014705970082f592719864,0,612cfadb70d3771f487f49e3,Complexo
2021-08-30T15:35:56.112Z,61014705970082f592719864,0,612cfadc70d3771f487f49e7,Complexos
2021-08-30T15:36:04.976Z,61014705970082f592719864,0,612cfae4334591491c4f4e0a,Parques
2021-08-30T15:36:10.961Z,61014705970082f592719864,0,612cfaea334591491c4f4e0e,Parques
2021-08-30T15:36:18.373Z,61014705970082f592719864,0,612cfaf2334591491c4f4e12,Parques em
2021-08-30T15:37:49.885Z,61014705970082f592719864,0,612cfb4d334591491c4f4e16,Complexoss
2021-08-30T15:37:51.263Z,61014705970082f592719864,0,612cfb4f334591491c4f4e1a,Complexos
2021-08-30T15:37:51.612Z,61014705970082f592719864,0,612cfb4f334591491c4f4e1e,Complexo
2021-08-30T15:37:51.977Z,61014705970082f592719864,0,612cfb4f334591491c4f4e22,Complexod
2021-08-30T15:37:52.677Z,61014705970082f592719864,0,612cfb50334591491c4f4e26,Complexo
2021-08-30T15:37:52.945Z,61014705970082f592719864,0,612cfb50334591491c4f4e2a,Complexos
2021-08-30T15:38:14.196Z,61014705970082f592719864,0,612cfb66334591491c4f4e2e,Complexo
2021-08-30T15:38:15.484Z,61014705970082f592719864,0,612cfb67334591491c4f4e32,Complexos
2021-08-30T15:38:20.309Z,61014705970082f592719864,0,612cfb6c334591491c4f4e36,P
2021-08-30T15:38:20.444Z,61014705970082f592719864,0,612cfb6c334591491c4f4e3a,Pa
2021-08-30T15:38:20.660Z,61014705970082f592719864,0,612cfb6c334591491c4f4e3e,Par
2021-08-30T15:38:20.808Z,61014705970082f592719864,0,612cfb6c334591491c4f4e42,Parq
2021-08-30T15:38:20.988Z,61014705970082f592719864,0,612cfb6c334591491c4f4e46,Parqu
2021-08-30T15:38:21.171Z,61014705970082f592719864,0,612cfb6d334591491c4f4e4a,Parque
2021-08-30T15:38:23.162Z,61014705970082f592719864,0,612cfb6f334591491c4f4e4e,Parques
2021-08-30T15:38:24.517Z,61014705970082f592719864,0,612cfb70334591491c4f4e52,Parques
2021-08-30T15:38:24.720Z,61014705970082f592719864,0,612cfb70334591491c4f4e56,Parques e
2021-08-30T15:38:24.851Z,61014705970082f592719864,0,612cfb70334591491c4f4e5a,Parques em
2021-08-30T15:39:03.771Z,61014705970082f592719864,0,612cfb97334591491c4f4e5e,Parques em
2021-08-30T15:39:06.175Z,61014705970082f592719864,0,612cfb9a334591491c4f4e62,Parques e
2021-08-30T15:39:07.748Z,61014705970082f592719864,0,612cfb9b334591491c4f4e66,Parques em
2021-08-30T15:39:13.963Z,61014705970082f592719864,0,612cfba1334591491c4f4e6a,Parques em
2021-08-30T15:40:20.040Z,61014705970082f592719864,0,612cfbe4334591491c4f4e6e,Parques em
2021-08-30T15:40:21.436Z,61014705970082f592719864,0,612cfbe5334591491c4f4e72,Parques ems
2021-08-30T15:40:22.608Z,61014705970082f592719864,0,612cfbe6334591491c4f4e76,Parques em
2021-08-30T15:40:23.792Z,61014705970082f592719864,0,612cfbe7334591491c4f4e7a,Parques e
2021-08-30T15:40:25.064Z,61014705970082f592719864,0,612cfbe9334591491c4f4e7e,Parques el
2021-08-30T15:40:25.532Z,61014705970082f592719864,0,612cfbe9334591491c4f4e82,Parques e
2021-08-30T15:40:25.840Z,61014705970082f592719864,0,612cfbe9334591491c4f4e86,Parques em
2021-08-30T15:41:26.645Z,61014705970082f592719864,0,612cfc26334591491c4f4e8a,Parques em
2021-08-30T15:41:34.356Z,61014705970082f592719864,0,612cfc2e334591491c4f4e8e,Parques em
2021-08-30T15:42:50.803Z,61014705970082f592719864,0,612cfc7a334591491c4f4e92,Parques em
2021-08-30T15:42:53.558Z,61014705970082f592719864,0,612cfc7d334591491c4f4e96,Parques e
2021-08-30T15:42:53.982Z,61014705970082f592719864,0,612cfc7d334591491c4f4e9a,Parques em
2021-08-30T15:42:55.316Z,61014705970082f592719864,0,612cfc7f334591491c4f4e9e,Parques emp
2021-08-30T15:42:57.335Z,61014705970082f592719864,0,612cfc81334591491c4f4ea2,Parques em
2021-08-30T15:42:58.825Z,61014705970082f592719864,0,612cfc82334591491c4f4ea6,Parques emp
2021-08-30T15:43:33.480Z,61014705970082f592719864,0,612cfca5334591491c4f4eaa,Parques emp
2021-08-30T15:43:37.688Z,61014705970082f592719864,0,612cfca9334591491c4f4eae,Parques empp
2021-08-30T15:43:38.815Z,61014705970082f592719864,0,612cfcaa334591491c4f4eb2,Parques emp
2021-08-30T15:43:39.064Z,61014705970082f592719864,0,612cfcab334591491c4f4eb6,Parques empr
2021-08-30T15:43:39.398Z,61014705970082f592719864,0,612cfcab334591491c4f4eba,Parques empre
2021-08-30T15:46:52.834Z,61014705970082f592719864,0,612cfd6c334591491c4f4ebe,Parques empre
2021-08-30T15:47:00.115Z,61014705970082f592719864,0,612cfd74334591491c4f4ec2,Parques empre
2021-08-30T15:47:16.078Z,61014705970082f592719864,0,612cfd84334591491c4f4ec6,Parques empre
2021-08-30T15:47:33.150Z,61014705970082f592719864,0,612cfd95334591491c4f4eca,Parques empre
2021-08-30T15:47:44.989Z,61014705970082f592719864,0,612cfda0334591491c4f4ece,Parques empre
2021-08-30T15:48:49.453Z,61014705970082f592719864,0,612cfde1334591491c4f4ed2,Parques empre
2021-08-30T15:48:54.947Z,61014705970082f592719864,0,612cfde6334591491c4f4ed6,P
2021-08-30T15:48:55.297Z,61014705970082f592719864,0,612cfde7334591491c4f4ede,Pa
2021-08-30T15:48:55.331Z,61014705970082f592719864,0,612cfde7334591491c4f4ee0,Par
2021-08-30T15:48:55.336Z,61014705970082f592719864,0,612cfde7334591491c4f4ee2,Parq
2021-08-30T15:48:55.424Z,61014705970082f592719864,0,612cfde7334591491c4f4ee6,Parqu
2021-08-30T15:48:55.568Z,61014705970082f592719864,0,612cfde7334591491c4f4eea,Parque
2021-08-30T15:48:58.562Z,61014705970082f592719864,0,612cfdea334591491c4f4eee,P
2021-08-30T15:48:58.989Z,61014705970082f592719864,0,612cfdea334591491c4f4ef4,Po
2021-08-30T15:48:59.017Z,61014705970082f592719864,0,612cfdeb334591491c4f4ef6,Por
2021-08-30T15:48:59.072Z,61014705970082f592719864,0,612cfdeb334591491c4f4efc,Porta
2021-08-30T15:48:59.125Z,61014705970082f592719864,0,612cfdeb334591491c4f4efe,Port
2021-08-30T15:51:20.303Z,61014705970082f592719864,0,612cfe78334591491c4f4f02,Porta
2021-08-30T15:51:24.920Z,61014705970082f592719864,0,612cfe7c334591491c4f4f06,Port
2021-08-30T15:51:25.099Z,61014705970082f592719864,0,612cfe7d334591491c4f4f0a,Ports
2021-08-30T15:56:33.469Z,61014705970082f592719864,0,612cffb1334591491c4f4f0e,Ports
2021-08-30T15:58:08.248Z,61014705970082f592719864,0,612d0010334591491c4f4f12,mano
2021-08-30T15:58:12.318Z,61014705970082f592719864,0,612d0014334591491c4f4f16,Parques
2021-08-30T15:59:01.054Z,61014705970082f592719864,0,612d0045334591491c4f4f1a,Parques
2021-08-30T15:59:12.345Z,61014705970082f592719864,0,612d0050334591491c4f4f1e,Parques
2021-08-30T15:59:17.007Z,61014705970082f592719864,0,612d0055334591491c4f4f22,Parques em
2021-08-30T16:00:19.764Z,61014705970082f592719864,0,612d0093334591491c4f4f26,Parques em
2021-08-30T16:00:27.470Z,61014705970082f592719864,0,612d009b334591491c4f4f2a,Parques e
2021-08-30T16:00:28.899Z,61014705970082f592719864,0,612d009c334591491c4f4f2e,Parques em
2021-08-30T16:16:24.013Z,61014705970082f592719864,0,612d0458334591491c4f4f32,Ports
2021-08-30T16:16:26.391Z,61014705970082f592719864,0,612d045a334591491c4f4f36,Port
2021-08-30T16:16:26.559Z,61014705970082f592719864,0,612d045a334591491c4f4f3a,Porta
2021-08-30T16:16:59.761Z,61014705970082f592719864,0,612d047b334591491c4f4f3e,Porta
2021-08-30T16:17:02.835Z,61014705970082f592719864,0,612d047e334591491c4f4f42,Port
2021-08-30T16:17:06.693Z,61014705970082f592719864,0,612d0482334591491c4f4f46,Porta
2021-08-30T16:17:16.212Z,61014705970082f592719864,0,612d048c334591491c4f4f4a,P
2021-08-30T16:17:16.342Z,61014705970082f592719864,0,612d048c334591491c4f4f4e,Pa
2021-08-30T16:17:16.479Z,61014705970082f592719864,0,612d048c334591491c4f4f52,Par
2021-08-30T16:17:16.602Z,61014705970082f592719864,0,612d048c334591491c4f4f56,Parq
2021-08-30T16:17:16.895Z,61014705970082f592719864,0,612d048c334591491c4f4f5a,Parqu
2021-08-30T16:17:17.108Z,61014705970082f592719864,0,612d048d334591491c4f4f5e,Parque
2021-08-30T16:18:25.538Z,61014705970082f592719864,0,612d04d1334591491c4f4f62,Parque
2021-08-30T16:18:27.976Z,61014705970082f592719864,0,612d04d3334591491c4f4f66,Parqu
2021-08-30T16:18:28.403Z,61014705970082f592719864,0,612d04d4334591491c4f4f6a,Parque
2021-08-30T16:18:49.104Z,61014705970082f592719864,0,612d04e9334591491c4f4f6e,Parque
2021-08-30T16:18:52.561Z,61014705970082f592719864,0,612d04ec334591491c4f4f72,Parques
2021-08-30T16:18:56.717Z,61014705970082f592719864,0,612d04f0334591491c4f4f76,P
2021-08-30T16:18:57.037Z,61014705970082f592719864,0,612d04f1334591491c4f4f7a,Pa
2021-08-30T16:18:57.201Z,61014705970082f592719864,0,612d04f1334591491c4f4f7e,Par
2021-08-30T16:18:57.441Z,61014705970082f592719864,0,612d04f1334591491c4f4f82,Parq
2021-08-30T16:18:57.645Z,61014705970082f592719864,0,612d04f1334591491c4f4f86,Parqu
2021-08-30T16:18:57.797Z,61014705970082f592719864,0,612d04f1334591491c4f4f8a,Parque
2021-08-30T16:24:44.407Z,61014705970082f592719864,0,612d064c334591491c4f4f8e,Parque
2021-08-30T16:24:55.509Z,61014705970082f592719864,0,612d0657334591491c4f4f92,p
2021-08-30T16:24:55.649Z,61014705970082f592719864,0,612d0657334591491c4f4f96,po
2021-08-30T16:24:55.992Z,61014705970082f592719864,0,612d0657334591491c4f4f9a,por
2021-08-30T16:24:56.473Z,61014705970082f592719864,0,612d0658334591491c4f4f9e,port
2021-08-30T16:24:56.712Z,61014705970082f592719864,0,612d0658334591491c4f4fa2,portq
2021-08-30T16:24:57.379Z,61014705970082f592719864,0,612d0659334591491c4f4fa6,port
2021-08-30T16:24:58.918Z,61014705970082f592719864,0,612d065a334591491c4f4faa,porta
2021-08-30T16:27:54.431Z,61014705970082f592719864,0,612d070a334591491c4f4fae,porta
2021-08-30T16:28:04.606Z,61014705970082f592719864,0,612d0714334591491c4f4fb2,P
2021-08-30T16:28:04.755Z,61014705970082f592719864,0,612d0714334591491c4f4fb6,Po
2021-08-30T16:28:05.054Z,61014705970082f592719864,0,612d0715334591491c4f4fba,Por
2021-08-30T16:28:05.236Z,61014705970082f592719864,0,612d0715334591491c4f4fbe,Port
2021-08-30T16:28:05.394Z,61014705970082f592719864,0,612d0715334591491c4f4fc2,Porta
2021-08-30T16:28:24.211Z,61014705970082f592719864,0,612d0728334591491c4f4fc6,Porta
2021-08-30T16:28:25.970Z,61014705970082f592719864,0,612d0729334591491c4f4fca,Portad
2021-08-30T16:28:28.193Z,61014705970082f592719864,0,612d072c334591491c4f4fce,Porta
2021-08-30T16:28:37.132Z,61014705970082f592719864,0,612d0735334591491c4f4fd2,Porta
2021-08-30T16:28:39.021Z,61014705970082f592719864,0,612d0737334591491c4f4fd6,Portad
2021-08-30T16:29:34.956Z,61014705970082f592719864,0,612d076e334591491c4f4fda,s
2021-08-30T16:29:35.614Z,61014705970082f592719864,0,612d076f334591491c4f4fde,ss
2021-08-30T16:29:46.654Z,61014705970082f592719864,0,612d077a334591491c4f4fe2,ss
2021-08-30T16:29:50.528Z,61014705970082f592719864,0,612d077e334591491c4f4fe6,s
2021-08-30T16:31:20.038Z,61014705970082f592719864,0,612d07d8334591491c4f4fea,p
2021-08-30T16:31:20.141Z,61014705970082f592719864,0,612d07d8334591491c4f4fee,po
2021-08-30T16:31:20.269Z,61014705970082f592719864,0,612d07d8334591491c4f4ff2,por
2021-08-30T16:31:20.526Z,61014705970082f592719864,0,612d07d8334591491c4f4ff6,port
2021-08-30T16:31:36.900Z,61014705970082f592719864,0,612d07e8334591491c4f4ffa,port
2021-08-30T16:31:44.908Z,61014705970082f592719864,0,612d07f0334591491c4f4ffe,p
2021-08-30T16:31:44.986Z,61014705970082f592719864,0,612d07f0334591491c4f5002,po
2021-08-30T16:31:45.233Z,61014705970082f592719864,0,612d07f1334591491c4f5006,por
2021-08-30T16:32:24.163Z,61014705970082f592719864,0,612d0818334591491c4f500a,por
2021-08-30T16:32:32.891Z,61014705970082f592719864,0,612d0820334591491c4f500e,por
2021-08-30T16:32:42.196Z,61014705970082f592719864,0,612d082a334591491c4f5012,P
2021-08-30T16:32:42.325Z,61014705970082f592719864,0,612d082a334591491c4f5016,Po
2021-08-30T16:32:42.398Z,61014705970082f592719864,0,612d082a334591491c4f501a,Poo
2021-08-30T16:32:43.259Z,61014705970082f592719864,0,612d082b334591491c4f501e,Po
2021-08-30T16:32:44.203Z,61014705970082f592719864,0,612d082c334591491c4f5022,Por
2021-08-30T16:33:31.148Z,61014705970082f592719864,0,612d085b334591491c4f5026,Por
2021-08-30T16:34:39.495Z,61014705970082f592719864,0,612d089f334591491c4f502a,Por
2021-08-30T16:34:44.272Z,61014705970082f592719864,0,612d08a4334591491c4f502e,P
2021-08-30T16:34:44.518Z,61014705970082f592719864,0,612d08a4334591491c4f5032,Po
2021-08-30T16:34:44.879Z,61014705970082f592719864,0,612d08a4334591491c4f5036,Por
2021-08-30T16:34:45.058Z,61014705970082f592719864,0,612d08a5334591491c4f503a,Port
2021-08-30T16:35:10.178Z,61014705970082f592719864,0,612d08be334591491c4f503e,Port
2021-08-30T16:35:28.638Z,61014705970082f592719864,0,612d08d0334591491c4f5042,P
2021-08-30T16:35:28.777Z,61014705970082f592719864,0,612d08d0334591491c4f5046,Pa
2021-08-30T16:35:28.879Z,61014705970082f592719864,0,612d08d0334591491c4f504a,Par
2021-08-30T16:35:28.975Z,61014705970082f592719864,0,612d08d0334591491c4f504e,Parq
2021-08-30T16:35:29.229Z,61014705970082f592719864,0,612d08d1334591491c4f5052,Parqu
2021-08-30T16:35:29.402Z,61014705970082f592719864,0,612d08d1334591491c4f5056,Parque
2021-08-30T16:35:29.617Z,61014705970082f592719864,0,612d08d1334591491c4f505a,Parques
2021-08-30T16:35:54.653Z,61014705970082f592719864,0,612d08ea334591491c4f505e,Parques
2021-08-30T16:35:55.395Z,61014705970082f592719864,0,612d08eb334591491c4f5062,Parques e
2021-08-30T16:35:55.607Z,61014705970082f592719864,0,612d08eb334591491c4f5066,Parques em
2021-08-30T16:36:59.597Z,61014705970082f592719864,0,612d092b8d4b3346a8076a68,Parques em
2021-08-30T16:37:56.878Z,61014705970082f592719864,0,612d09648d4b3346a8076a6c,P
2021-08-30T16:37:56.967Z,61014705970082f592719864,0,612d09648d4b3346a8076a70,Pa
2021-08-30T16:37:57.145Z,61014705970082f592719864,0,612d09658d4b3346a8076a74,Par
2021-08-30T16:37:57.250Z,61014705970082f592719864,0,612d09658d4b3346a8076a78,Parq
2021-08-30T16:38:24.699Z,61014705970082f592719864,0,612d09808d4b3346a8076a7c,P
2021-08-30T16:38:24.784Z,61014705970082f592719864,0,612d09808d4b3346a8076a80,Po
2021-08-30T16:38:25.142Z,61014705970082f592719864,0,612d09818d4b3346a8076a84,Por
2021-08-30T16:38:25.179Z,61014705970082f592719864,0,612d09818d4b3346a8076a88,Port
2021-08-30T16:38:25.301Z,61014705970082f592719864,0,612d09818d4b3346a8076a8c,Porta
2021-08-30T16:39:06.206Z,61014705970082f592719864,0,612d09aa8d4b3346a8076a90,P
2021-08-30T16:39:06.347Z,61014705970082f592719864,0,612d09aa8d4b3346a8076a94,Pa
2021-08-30T16:39:07.575Z,61014705970082f592719864,0,612d09ab8d4b3346a8076a98,Par
2021-08-30T16:39:07.705Z,61014705970082f592719864,0,612d09ab8d4b3346a8076a9c,Parq
2021-08-30T16:39:07.984Z,61014705970082f592719864,0,612d09ab8d4b3346a8076aa0,Parqu
2021-08-30T16:39:08.128Z,61014705970082f592719864,0,612d09ac8d4b3346a8076aa4,Parque
2021-08-30T16:39:08.350Z,61014705970082f592719864,0,612d09ac8d4b3346a8076aa8,Parques
2021-08-30T16:43:25.931Z,61014705970082f592719864,0,612d0aad67e60e3820e8972c,P
2021-08-30T16:43:26.340Z,61014705970082f592719864,0,612d0aae67e60e3820e89730,Pa
2021-08-30T16:43:26.457Z,61014705970082f592719864,0,612d0aae67e60e3820e89734,Par
2021-08-30T16:43:26.754Z,61014705970082f592719864,0,612d0aae67e60e3820e89738,Parq
2021-08-30T16:43:27.324Z,61014705970082f592719864,0,612d0aaf67e60e3820e8973c,Parqu
2021-08-30T16:43:27.641Z,61014705970082f592719864,0,612d0aaf67e60e3820e89740,Parque
2021-08-30T16:44:45.545Z,61014705970082f592719864,0,612d0afdffbfcc1f581b23a3,Parque
2021-08-30T16:45:22.356Z,61014705970082f592719864,0,612d0b22ffbfcc1f581b23a7,Parque
2021-08-30T16:45:22.512Z,61014705970082f592719864,0,612d0b22ffbfcc1f581b23ab,Parque e
2021-08-30T16:45:22.798Z,61014705970082f592719864,0,612d0b22ffbfcc1f581b23af,Parque em
2021-08-30T16:45:31.029Z,61014705970082f592719864,0,612d0b2bffbfcc1f581b23b3,P
2021-08-30T16:45:31.171Z,61014705970082f592719864,0,612d0b2bffbfcc1f581b23b7,Pa
2021-08-30T16:45:31.395Z,61014705970082f592719864,0,612d0b2bffbfcc1f581b23bb,Par
2021-08-30T16:45:31.514Z,61014705970082f592719864,0,612d0b2bffbfcc1f581b23bf,Parq
2021-08-30T16:45:31.756Z,61014705970082f592719864,0,612d0b2bffbfcc1f581b23c3,Parqi
2021-08-30T16:45:32.057Z,61014705970082f592719864,0,612d0b2cffbfcc1f581b23c7,Parqiu
2021-08-30T16:45:32.265Z,61014705970082f592719864,0,612d0b2cffbfcc1f581b23cb,Parqiue
2021-08-30T16:45:32.485Z,61014705970082f592719864,0,612d0b2cffbfcc1f581b23cf,Parqiues
2021-08-30T16:45:32.655Z,61014705970082f592719864,0,612d0b2cffbfcc1f581b23d3,Parqiues
2021-08-30T16:45:33.280Z,61014705970082f592719864,0,612d0b2dffbfcc1f581b23d7,Parqiues
2021-08-30T16:45:33.492Z,61014705970082f592719864,0,612d0b2dffbfcc1f581b23db,Parqiue
2021-08-30T16:45:33.669Z,61014705970082f592719864,0,612d0b2dffbfcc1f581b23df,Parqiu
2021-08-30T16:45:33.842Z,61014705970082f592719864,0,612d0b2dffbfcc1f581b23e3,Parqi
2021-08-30T16:45:34.071Z,61014705970082f592719864,0,612d0b2effbfcc1f581b23e7,Parq
2021-08-30T16:45:34.952Z,61014705970082f592719864,0,612d0b2effbfcc1f581b23eb,Parqu
2021-08-30T16:45:35.087Z,61014705970082f592719864,0,612d0b2fffbfcc1f581b23ef,Parque
2021-08-30T16:45:35.285Z,61014705970082f592719864,0,612d0b2fffbfcc1f581b23f3,Parques
2021-08-30T16:45:35.442Z,61014705970082f592719864,0,612d0b2fffbfcc1f581b23f7,Parques
2021-08-30T16:45:36.123Z,61014705970082f592719864,0,612d0b30ffbfcc1f581b23fb,Parques e
2021-08-30T16:45:36.231Z,61014705970082f592719864,0,612d0b30ffbfcc1f581b23ff,Parques em
2021-08-30T16:45:58.496Z,61014705970082f592719864,0,612d0b46ffbfcc1f581b2403,Parques em
2021-08-30T16:46:04.479Z,61014705970082f592719864,0,612d0b4cffbfcc1f581b2407,P
2021-08-30T16:46:04.573Z,61014705970082f592719864,0,612d0b4cffbfcc1f581b240b,Pa
2021-08-30T16:46:04.937Z,61014705970082f592719864,0,612d0b4cffbfcc1f581b240f,Par
2021-08-30T16:46:04.998Z,61014705970082f592719864,0,612d0b4cffbfcc1f581b2413,Parq
2021-08-30T16:46:05.231Z,61014705970082f592719864,0,612d0b4dffbfcc1f581b2417,Parqu
2021-08-30T16:46:05.420Z,61014705970082f592719864,0,612d0b4dffbfcc1f581b241b,Parque
2021-08-30T16:46:05.628Z,61014705970082f592719864,0,612d0b4dffbfcc1f581b241f,Parques
2021-08-30T16:46:05.781Z,61014705970082f592719864,0,612d0b4dffbfcc1f581b2423,Parques
2021-08-30T16:46:06.426Z,61014705970082f592719864,0,612d0b4effbfcc1f581b2427,Parques e
2021-08-30T16:46:06.519Z,61014705970082f592719864,0,612d0b4effbfcc1f581b242b,Parques em
2021-08-30T16:47:24.363Z,61014705970082f592719864,0,612d0b9cffbfcc1f581b242f,Parques e
2021-08-30T16:47:24.522Z,61014705970082f592719864,0,612d0b9cffbfcc1f581b2433,Parques
2021-08-30T16:47:24.685Z,61014705970082f592719864,0,612d0b9cffbfcc1f581b2437,Parques
2021-08-30T16:47:24.742Z,61014705970082f592719864,0,612d0b9cffbfcc1f581b243b,Parque
2021-08-30T16:47:24.894Z,61014705970082f592719864,0,612d0b9cffbfcc1f581b243f,Parqu
2021-08-30T16:47:25.057Z,61014705970082f592719864,0,612d0b9dffbfcc1f581b2443,Parq
2021-08-30T16:47:25.219Z,61014705970082f592719864,0,612d0b9dffbfcc1f581b2447,Par
2021-08-30T16:47:25.383Z,61014705970082f592719864,0,612d0b9dffbfcc1f581b244b,Pa
2021-08-30T16:47:25.590Z,61014705970082f592719864,0,612d0b9dffbfcc1f581b244f,P
2021-08-30T16:47:27.547Z,61014705970082f592719864,0,612d0b9fffbfcc1f581b2453,p
2021-08-30T16:47:27.616Z,61014705970082f592719864,0,612d0b9fffbfcc1f581b2457,po
2021-08-30T16:47:27.925Z,61014705970082f592719864,0,612d0b9fffbfcc1f581b245b,por
2021-08-30T16:47:28.148Z,61014705970082f592719864,0,612d0ba0ffbfcc1f581b245f,port
2021-08-30T16:47:28.362Z,61014705970082f592719864,0,612d0ba0ffbfcc1f581b2463,portq
2021-08-30T16:47:29.272Z,61014705970082f592719864,0,612d0ba1ffbfcc1f581b2467,port
2021-08-30T16:47:29.706Z,61014705970082f592719864,0,612d0ba1ffbfcc1f581b246b,porta
2021-08-31T15:57:03.538Z,61014705970082f592719864,0,612e514f63346f1a9c3a6494,Parque
2021-08-31T15:57:05.661Z,61014705970082f592719864,0,612e515163346f1a9c3a6498,Parque
2021-08-31T15:57:07.477Z,61014705970082f592719864,0,612e515363346f1a9c3a649c,Parque de t
2021-08-31T15:57:08.338Z,61014705970082f592719864,0,612e515463346f1a9c3a64a0,Parque de r
2021-08-31T15:57:10.314Z,61014705970082f592719864,0,612e515663346f1a9c3a64a4,Parque de
2021-08-31T15:57:20.189Z,61014705970082f592719864,0,612e516063346f1a9c3a64a8,Parque
2021-08-31T15:57:22.351Z,61014705970082f592719864,0,612e516263346f1a9c3a64ac,Parqu
2021-08-31T15:59:01.486Z,61014705970082f592719864,0,612e51c563346f1a9c3a64b0,aoa
2021-08-31T15:59:03.495Z,61014705970082f592719864,0,612e51c763346f1a9c3a64b4,Parque
2021-08-31T15:59:07.996Z,61014705970082f592719864,0,612e51cb63346f1a9c3a64b8,Parque Empre
2021-08-31T17:48:16.413Z,61014705970082f592719864,0,612e6b60c274922a4ca6ce0c,sqlsd
2021-08-31T17:53:45.752Z,61014705970082f592719864,0,612e6ca9687aeb2a40decb47,Parque
2021-08-31T17:53:48.074Z,61014705970082f592719864,0,612e6cac687aeb2a40decb4b,Parques
2021-08-31T17:53:49.454Z,61014705970082f592719864,0,612e6cad687aeb2a40decb4f,Parques de
2021-08-31T17:53:52.255Z,61014705970082f592719864,0,612e6cb0687aeb2a40decb53,Parques
2021-08-31T17:53:53.172Z,61014705970082f592719864,0,612e6cb1687aeb2a40decb57,Parques
2021-08-31T18:07:25.492Z,61014705970082f592719864,0,612e6fdd75c7b83694405fe6,Parques de
2021-08-31T18:07:27.880Z,61014705970082f592719864,0,612e6fdf75c7b83694405fea,Parques d
2021-08-31T18:07:40.004Z,61014705970082f592719864,0,612e6fec75c7b83694405fee,Parques dlk
2021-08-31T18:07:45.760Z,61014705970082f592719864,0,612e6ff175c7b83694405ff2,comple
2021-08-31T18:07:47.421Z,61014705970082f592719864,0,612e6ff375c7b83694405ff6,compl
2021-08-31T18:07:50.818Z,61014705970082f592719864,0,612e6ff675c7b83694405ffa,Complexos
2021-08-31T18:23:27.259Z,61014705970082f592719864,0,612e739f75c7b83694406000,a
2021-08-31T18:23:32.775Z,61014705970082f592719864,0,612e73a475c7b83694406004,Complexos
,,0,612e77c7ce5bd933e02c5ab9,Complexos
,,0,612e77d6eaea784784375a61,Parqur
,,0,612e77d9eaea784784375a65,Parque
,,0,612e77fceaea784784375a69,Parque
,,0,612e7810eaea784784375a6e,Parque
,,0,612e7820eaea784784375a72,Parque
,,0,612e7872a7cdcc3820a2999e,Parque
,,0,612e7880a7cdcc3820a299a3,Parque
,,0,612e788fa7cdcc3820a299a7,Parque
,,0,612e797fe5b5e20c78207956,Parque
,,0,612e79beb009b3311469749d,Complexos
,,0,612e79cfb009b331146974a1,Complexos
,,0,612e79ddb009b331146974a5,Complexos
,,0,612e79e4b009b331146974a9,Parque
,,0,612e7a30b009b331146974ad,C
,,0,612e7a33b009b331146974b1,SM
,,0,612e7a34b009b331146974b5,SL
,,0,612e7a36b009b331146974b9,SL-
,,0,612e7a37b009b331146974bd,SL
,,0,612e7a38b009b331146974c1,SL_
,,0,612e7a39b009b331146974c5,SL_80
,,0,612e7a3db009b331146974c9,SL_80_50
,,0,612e7a40b009b331146974cd,SL_80_50_
,,0,612e7a41b009b331146974d1,SL_80_50_85
,,0,612e7a59b009b331146974d5,SL_80_50_85
,,0,612e7aa0b009b331146974db,SL_80_50_
,,0,612e7aa1b009b331146974df,SQ
,,0,612e7aa5b009b331146974e3,pARQ
,,0,612e7aa9b009b331146974e7,p
,,0,612e7aaab009b331146974eb,P
,,0,612e7aacb009b331146974ef,Parque
,,0,612e7aaeb009b331146974f3,Parque de
,,0,612ec4a3b009b331146974ff,e
,,0,612ec4a4b009b33114697503,ep
,,0,612ec4aeb009b33114697507,Parques
,,0,612ec4dbb009b3311469750b,Parques
,,0,612ec4e5b009b3311469750f,Parques
,,0,612ec564b009b3311469751a,Parques
,,0,612ec57eb009b3311469751e,Parques de
,,0,612ec57fb009b33114697522,Parques el
,,0,612ec580b009b33114697526,Parques em
,,0,612ec68bb009b3311469752c,Par
,,0,612ec68db009b33114697530,Parqur
,,0,612ec68eb009b33114697534,Parque
,,0,612ec6a6b009b33114697538,Parque
,,0,612ec8b4b009b3311469753c,Parque
,,0,612ec8c2b009b33114697542,Par
,,0,612ec8c3b009b33114697546,Parqur
,,0,612ec8c6b009b3311469754a,Parque
,,0,612ec8eeb009b3311469754e,Parque
,,0,612ec8efb009b33114697552,Parque
,,0,612ec8fab009b33114697556,Comple
,,0,612eca40b009b3311469755a,Par
,,0,612eca48b009b3311469755e,Parq
,,0,612eca49b009b33114697562,Parques
,,0,612eca9bb009b33114697566,Parques
,,0,612ecab3b009b3311469756a,Parques
,,0,612ecad2b009b3311469756e,Parques de
,,0,612ecadab009b33114697572,Parques
,,0,612ecafab009b33114697576,Parques
,,0,612ecb02b009b3311469757a,Parques
,,0,612ecb1cb009b3311469757e,Parques
,,0,612ecb23b009b33114697582,Parques
,,0,612ecb27b009b33114697586,Parques
,,0,612ecb4db009b3311469758a,Parques em
,,0,612ecb4eb009b3311469758e,Parques empre
,,0,612ecb64b009b33114697592,Parques empres
,,0,612ecb6cb009b33114697596,Parques empress
,,0,612ecb6eb009b3311469759a,Parques empres
,,0,612ecdfdb009b331146975a8,undefined
,,0,612ece9cb009b331146975ac,Parques
,,0,612ed038b009b331146975b5,Parques de
,,0,612ed03fb009b331146975b9,Parque
,,0,612ed044b009b331146975bd,Parques
,,0,612ed045b009b331146975c1,Parques 
,,0,612ed046b009b331146975c5,Parques Em
,,0,612ed04eb009b331146975c9,Parques Emp
,,0,612ed051b009b331146975cd,Parques Em
,,0,612ed05cb009b331146975d1,Parques Emp
,,0,612ed09eb009b331146975d5,Parque
,,0,612ed0d6b009b331146975d9,Parque
,,0,612ed104b009b331146975dd,Pqraue
,,0,612ed105b009b331146975e1,Pq
,,0,612ed107b009b331146975e5,Par
,,0,612ed116b009b331146975e9,Par
,,0,612ed11db009b331146975ed,P
,,0,612ed13cb009b331146975f1,P
,,0,612ed19db009b331146975f5,P
,,0,612ed1e3b009b331146975f9,P
,,0,612ed1e8b009b331146975fd,Pa
,,0,612ed202b009b33114697601,Pa
,,0,612ed20bb009b33114697605,a
,,0,612ed20db009b33114697609,aa
,,0,612ed210b009b3311469760d,PAr
,,0,612ed293b009b33114697611,PAr
,,0,612ed2a5b009b33114697615,PAr
,,0,612ed2b6b009b33114697619,PAr
,,0,612ed2b6b009b3311469761d,PAr
,,0,612ed2bab009b33114697621,PA
,,0,612ed2bbb009b33114697625,PAr
,,0,612ed361b009b33114697629,PArq
,,0,612ed3cdb009b3311469762d,PAr
,,0,612ed3d5b009b33114697631,Par
,,0,612ed42ab009b33114697635,Par
,,0,612ed50fb009b3311469763b,PAr
,,0,612ed50fb009b3311469763d,Par
,,0,612ed522b009b33114697643,PAr
,,0,612ed522b009b33114697645,Par
,,0,612ed611b009b33114697649,PAr
,,0,612ed611b009b3311469764d,Par
,,0,612ed820b009b33114697651,PArque
,,0,612ed8e1b009b33114697657,PArque 
,,0,612ed987b009b33114697663,Parq
,,0,612ed987b009b33114697665,undefined
,,0,612ed988b009b33114697669,undefined
,,0,612ed988b009b3311469766d,undefined
,,0,612ed98eb009b33114697671,undefined
,,0,612edaacb009b33114697675,null
,,0,612edaadb009b33114697679,null
,,0,612edaadb009b3311469767d,null
,,0,612edb6db009b3311469769f,Parques
,,0,612edd10b009b331146976ab,Parques E
,,0,612edd46b009b331146976af,Parques E
,,0,612edd4ab009b331146976b3,Parques E
,,0,612edd50b009b331146976b7,Parques E
,,0,612ee6d9b009b331146976ed,sm
,,0,612ee6dbb009b331146976f1,P
,,0,612ee6e1b009b331146976f5,Parque
,,0,612f6156b2a1f76a10c1febf,parques
,,0,612f6455b2a1f76a10c1fecb,parques
,,0,612f647eb2a1f76a10c1fecf,parques
,,0,612f6771b2a1f76a10c1fedc,Parques
,,0,612f6791b2a1f76a10c1fee0,Parques
,,0,612f679ab2a1f76a10c1fee4,Parques
,,0,612f67acb2a1f76a10c1feec,Parques
,,0,612f67dbb2a1f76a10c1fef0,Parques
,,0,612f67f4b2a1f76a10c1fef6,parques
,,0,612f67feb2a1f76a10c1fefa,parques
,,0,612f6839b2a1f76a10c1ff02,parques
,,0,612f687cb2a1f76a10c1ff08,p
,,0,612f6884b2a1f76a10c1ff0c,p
,,0,612f6885b2a1f76a10c1ff10,p
,,0,612f688bb2a1f76a10c1ff14,p
,,0,612f68abb2a1f76a10c1ff18,par
,,0,612f68b6b2a1f76a10c1ff1c,parque
,,0,612f68b7b2a1f76a10c1ff20,parque
,,0,612f68c2b2a1f76a10c1ff24,parq
,,0,612f68cab2a1f76a10c1ff28,parq
,,0,612f68d2b2a1f76a10c1ff2c,par
,,0,612f6930b2a1f76a10c1ff30,Parques
,,0,612f6941b2a1f76a10c1ff34,Par
,,0,612f694eb2a1f76a10c1ff38,Parq
,,0,612f696ab2a1f76a10c1ff3c,Parques
,,0,612f84219e6b526a1c1847b7,Parques
,,0,612f84219e6b526a1c1847b9,Parques
,,0,612f84219e6b526a1c1847bb,Parques
,,0,612f84219e6b526a1c1847bd,Parques
,,0,612f84219e6b526a1c1847bf,Parques
,,0,612f8433ada79362c88be369,Parques
,,0,612f84a3ada79362c88be381,Parques
,,0,612f84abada79362c88be385,Parques
,,0,612f84b2ada79362c88be389,Parques
,,0,612f84d0ada79362c88be38f,Parques
,,0,612f84d2ada79362c88be393,Parques
,,0,612f84f3ada79362c88be397,Parques
,,0,612f8502ada79362c88be39b,Parques
,,0,612f850b2f28743468b5630f,Parques
,,0,612f850c2f28743468b56313,Parques
,,0,612f85302f28743468b5631f,porta
,,0,612f85322f28743468b56323,par
,,0,612f85462f28743468b56327,Parques
,,0,612f85492f28743468b5632b,Parques
,,0,612f85802f28743468b5632f,Parques
,,0,612f85852f28743468b56333,porta
,,0,612f85892f28743468b56337,Parques
,,0,612f85932f28743468b5633b,por
,,0,612f85c52f28743468b5633f,por
,,0,612f85cc2f28743468b56343,Parques
,,0,612f8613d1cc5546b88bc918,Parques
,,0,612f8664d1cc5546b88bc91c,Parques
,,0,612f866ad1cc5546b88bc920,Parques
,,0,612f8678d1cc5546b88bc924,Parques
,,0,612f869bd1cc5546b88bc928,Parques
,,0,612f86ded1cc5546b88bc92c,Parques
,,0,612f86eed1cc5546b88bc930,Parques
,,0,612f86f6d1cc5546b88bc934,Parques
,,0,612f86fbd1cc5546b88bc938,Parques
,,0,612f872ed1cc5546b88bc93c,Parques
,,0,612f890cd1cc5546b88bc940,Parques
,,0,612f8927d1cc5546b88bc944,Parques
,,0,612f8992d1cc5546b88bc948,Parques
,,0,612f89e3d1cc5546b88bc94c,Parques
,,0,612f89f5d1cc5546b88bc950,Complexos
,,0,612f89f9d1cc5546b88bc954,Complexos
,,0,612f89fcd1cc5546b88bc958,Complexos
,,0,612f8a25d1cc5546b88bc95e,Parques
,,0,612f8a2bd1cc5546b88bc962,Parques
,,0,612f90afd1cc5546b88bc96c,porta
,,0,612f90c0d1cc5546b88bc970,arr
,,0,612f90e5d1cc5546b88bc974,xzp
,,0,612f91a2d1cc5546b88bc980,porta
,,0,612f91a3d1cc5546b88bc984,porta
,,0,612f91a3d1cc5546b88bc988,porta
,,0,612f91a8d1cc5546b88bc98c,porta
,,0,612f97d6d4e1a94d28e03cab,Parques E
,,0,612f97f5d4e1a94d28e03caf,Parques E
,,0,612f9809d4e1a94d28e03cb3,Parques E
,,0,612fb9b658fdeb54947835fa,Porta
,,0,612fc8ea58fdeb5494783610,Arr
,,0,612fc8ee58fdeb5494783614,Arr
,,0,612fc8f558fdeb5494783618,Arr
,,0,61308fe684f5772cd4645455,porta
,,0,61308feb84f5772cd4645459,porta
,,0,61308ff084f5772cd464545d,porta
,,0,6130900d84f5772cd4645461,arr
,,0,6130dc4884f5772cd4645489,parques em
,,0,6130dc4884f5772cd464548d,parques em
,,0,6130e11e84f5772cd46454a3,parques em
,,0,6130e11e84f5772cd46454a7,parques em
,,0,6130e12084f5772cd46454ab,parques em
,,0,6130e12084f5772cd46454af,parques em
,,0,6130e12484f5772cd46454b3,parques em
,,0,6130e12484f5772cd46454b7,parques em
,,0,61320665cf940200a8693b69,Co_20
,,0,6135f10afe43e33d54620929,Entidades de extração e tratamento de água
,,0,6135f114fe43e33d5462092d,água
,,0,6135f117fe43e33d54620931,água
,,0,6135f14bfe43e33d54620935,En_55_15_50
,,0,6135f14efe43e33d54620939,En_55_15_50
,,0,6135f151fe43e33d5462093d,En_55_15_50
,,0,6135f15dfe43e33d54620941,água
,,0,6135f163fe43e33d54620945,água
,,0,6135f5a5fe43e33d54620949,Co_25